Customer ID,Flight ID,Date of Flight,Bonus Card Number,Gender,First Name,Last Name,Day of Ticket Purchase,Booked Class,Seat Number,Ticket Price Before Tax
75264,LH450,29/04/2020,3304-9884-7450,male,Trevor,Justice,14/03/2020,Economy,D34,1062
103616,LH518,18/07/2019,1746-6292-4745,male,Anatol,Melly,13/07/2019,Economy,E56,3422
41599,LH422,19/12/2019,2425-2680-9280,female,JoAnne,Rawlyns,21/09/2019,Economy,E73,580
35633,LH456,30/12/2019,2789-8241-2488,female,Othella,Arnett,23/12/2019,Economy,B69,3261
51640,LH109,16/05/2020,5247-1001-1363,female,Chrissy,Mayne,06/03/2020,Economy,E61,633
85555,LH233,06/03/2020,2778-1574-9155,male,Roscoe,Firlotte,22/01/2020,Economy,B53,1107
65547,LH533,17/05/2020,1827-0913-1099,female,Saree,Wight,17/03/2020,Economy,B65,746
51264,LH117,21/10/2019,3299-4369-3158,female,Doria,Nance,04/08/2019,Economy,C86,538
98943,LH241,05/05/2020,1563-2956-8733,female,Lenna,Norris,21/04/2020,Economy,B3,2666
18071,LH199,14/03/2020,7050-0226-9675,female,Jerrilyn,Niddrie,15/02/2020,Economy,H84,1846
36403,LH465,30/03/2020,5607-5295-5103,male,Ryan,Landor,12/01/2020,Economy,H8,564
78627,LH259,26/07/2020,8101-5937-7725,female,Corabel,Hixson,13/05/2020,Economy,E6,566
13827,LH223,07/05/2020,3449-2387-2197,female,Maren,Mclevin,18/03/2020,Economy,C69,945
33165,LH251,24/04/2020,3633-6969-4423,male,Renado,Somerville,29/03/2020,Economy,H3,1954
84241,LH545,16/04/2020,8523-1402-3272,male,Geraldo,Cramp,23/02/2020,Economy,G27,865
46993,LH493,06/02/2020,3488-4597-9214,female,Rheba,Bonsignore,24/01/2020,Economy,A16,2754
89513,LH132,10/09/2019,4907-3447-0838,female,Fawna,Capes,05/09/2019,Economy,E33,3437
71288,LH208,29/01/2020,4230-9852-3948,female,Midge,Madden,17/01/2020,Economy,E40,2876
77034,LH358,06/10/2019,3033-7190-8763,male,Daffy,Bainbrigg,02/08/2019,Economy,E6,649
56936,LH410,27/09/2019,2645-0388-0050,female,Nelle,Howland,03/08/2019,Economy,H90,850
88442,LH103,07/07/2020,6826-9355-6721,female,Dix,Tyler,28/05/2020,Economy,G90,1288
92932,LH344,20/04/2020,1108-2643-3213,male,Rodrick,Plantaganet,09/02/2020,Economy,H42,585
28621,LH371,13/09/2019,1046-6889-6515,male,Aldus,Cross,12/08/2019,Economy,E60,1616
89774,LH354,09/08/2019,3738-4509-6615,female,Anne-Mar,Aske,12/07/2019,Economy,E16,1826
77844,LH504,07/11/2019,8184-3052-8365,female,Cassey,Sohrweide,29/08/2019,Economy,H29,599
99289,LH253,24/12/2019,1097-9800-7838,male,Davy,Bruty,27/10/2019,Economy,C34,814
99861,LH566,10/01/2020,3582-9071-1301,female,Annabela,Sturgis,17/10/2019,Economy,F32,568
27817,LH525,10/03/2020,6161-7931-1190,male,Goober,Charnley,01/02/2020,Economy,G12,1381
15954,LH509,03/06/2020,6436-7972-6008,female,Nessa,Blum,27/03/2020,Economy,D87,689
77787,LH585,07/03/2020,6152-3882-9500,female,Florice,Arsenault,19/01/2020,Economy,B35,1000
107664,LH501,08/07/2019,6777-5561-1054,female,Matilde,Barber,04/07/2019,Economy,A55,3517
24433,LH470,01/12/2019,9829-6988-5306,female,Geneva,Wheaton,03/10/2019,Economy,C23,804
97080,LH512,10/07/2019,8066-4342-5201,male,Roddy,Venus,04/07/2019,Economy,E23,3388
58943,LH102,12/10/2019,1108-6295-5279,male,Clint,Chalk,04/09/2019,Economy,A24,1308
10452,LH250,28/06/2020,4286-8627-6630,male,Josef,Cumbe,18/04/2020,Economy,F83,680
104228,LH549,11/11/2019,4999-0593-8197,female,Tania,Glendenning,05/08/2019,Economy,B36,577
22583,LH125,13/01/2020,6989-0241-4201,female,Brina,Honeyman,03/11/2019,Economy,G55,641
44702,LH204,22/11/2019,5866-0927-6079,female,Alma,Kirkwood,26/09/2019,Economy,D69,830
94407,LH427,05/05/2020,1068-8519-8241,female,Nova,Heald,21/02/2020,Economy,C71,584
79179,LH535,03/10/2019,1090-7964-0898,female,Rosie,Shelbaur,20/08/2019,Economy,F6,1096
16011,LH184,16/10/2019,1455-9367-6028,female,Belva,Weir,02/08/2019,Economy,B34,651
53015,LH210,09/01/2020,2915-2434-5454,male,Ronny,Brookey,09/12/2019,Economy,D72,1624
42877,LH152,15/11/2019,4591-2021-4234,female,Tarah,Hoomes,03/10/2019,Economy,C56,1137
109171,LH550,30/07/2020,3228-1972-2347,male,Paul,Mcintyre,19/05/2020,Economy,F50,663
50155,LH363,14/04/2020,2421-2190-0785,male,Richard,Warren,20/01/2020,Economy,F19,547
101556,LH288,31/12/2019,8877-9454-0330,female,Della,Coutts-neville,10/11/2019,Economy,F94,955
23269,LH493,27/03/2020,8322-9886-1096,male,Benjy,Gladwyn,30/01/2020,Economy,A8,863
93239,LH545,06/12/2019,5990-2767-8286,male,Waverley,Hewitson,25/09/2019,Economy,A43,601
58066,LH103,14/10/2019,1124-8714-0167,male,Algernon,Guttridge,31/08/2019,Economy,D7,1132
101488,LH576,15/12/2019,1038-4823-9296,male,Reed,Wilkins,18/09/2019,Economy,C77,580
76395,LH541,17/05/2020,8486-0343-5095,female,Marylinda,Earberry,12/02/2020,Economy,A36,532
19008,LH566,27/03/2020,6970-0797-8098,male,Rafael,Mckerral,24/01/2020,Economy,G16,708
75557,LH235,01/03/2020,6786-1233-7504,female,Madelaine,Bryan,22/02/2020,Economy,D94,3176
43612,LH204,02/12/2019,1051-3883-8980,female,Wandie,Whipp,12/10/2019,Economy,D44,907
100295,LH296,30/03/2020,2839-5376-5055,female,Cherida,Vanstan,29/02/2020,Economy,D47,1705
68406,LH388,04/07/2020,2513-3303-8383,female,Rozalin,Newland,31/03/2020,Economy,G7,540
53839,LH284,11/05/2020,4681-4667-2433,female,Janessa,Babbitt,09/03/2020,Economy,E51,711
82681,LH391,01/11/2019,4654-1829-5105,female,Storm,Renwick,27/08/2019,Economy,G28,675
65272,LH226,15/02/2020,4176-8844-9315,male,Corky,Berry,17/01/2020,Economy,D99,1721
103985,LH169,01/04/2020,4737-2053-8762,female,Bethina,Guernsey,30/03/2020,Economy,F38,3754
98771,LH165,29/09/2019,5341-8026-9352,female,Sher,Hopwood,03/09/2019,Economy,A40,1942
55926,LH185,28/11/2019,3198-3323-5791,female,Brenda,Ebden,15/11/2019,Economy,D9,2727
20259,LH235,29/12/2019,5065-1835-4541,female,Eveleen,O'malley,13/11/2019,Economy,D14,1071
50001,LH500,14/06/2020,3037-5437-3341,male,Algernon,Henderson,18/05/2020,Economy,B94,1865
22055,LH380,29/03/2020,5516-4270-7568,male,Dexter,Cooper,23/12/2019,Economy,B72,516
20910,LH458,17/08/2019,1044-3654-4045,male,Friedrick,Charles,15/07/2019,Economy,H13,1528
75488,LH204,05/09/2019,5824-1717-7288,female,Pietra,Perry,02/07/2019,Economy,C81,742
90993,LH128,12/11/2019,3308-1862-6152,female,Mariska,Hanley,14/09/2019,Economy,D59,772
66995,LH426,13/02/2020,8888-2795-1810,female,Gwynne,Smithson,15/12/2019,Economy,H72,772
86267,LH290,10/02/2020,9100-6003-5607,female,Joelie,Sale,16/01/2020,Economy,D73,1979
75871,LH132,13/02/2020,2057-0163-0375,male,Tim,Helme,15/12/2019,Economy,E11,733
71792,LH483,19/12/2019,3112-9006-2553,male,Brewer,Sheldon,26/09/2019,Economy,F32,597
101478,LH595,25/08/2019,6250-4309-0280,male,Vale,Menser,10/08/2019,Economy,B15,2573
85408,LH592,24/06/2020,2664-0433-3813,male,Sax,Laskey,20/05/2020,Economy,C24,1526
47198,LH432,28/09/2019,1948-2943-0865,male,Wye,Coffman,14/08/2019,Economy,B88,1066
69110,LH492,20/04/2020,2190-9796-2476,male,Giffer,Saxton,28/03/2020,Economy,F2,2074
49242,LH471,05/09/2019,2307-2261-3667,male,Felix,Cockburn,18/08/2019,Economy,F34,2445
73721,LH254,12/07/2019,7804-3858-5646,female,Hanna,Howarth,09/07/2019,Economy,G0,3582
67059,LH482,18/01/2020,6528-6452-1523,female,Vanessa,Kelly,22/10/2019,Economy,F64,588
21858,LH147,27/07/2020,4934-1518-2903,male,Maury,Buchannan,26/04/2020,Economy,H49,551
48810,LH219,12/08/2019,1966-5378-8064,male,Terrell,Hunking,11/07/2019,Economy,H68,1604
42544,LH192,21/12/2019,2833-5944-5948,male,Fremont,Greenlees,03/11/2019,Economy,C6,1008
41663,LH270,18/09/2019,9033-4928-0378,male,Randy,Maudesley,04/09/2019,Economy,C24,2713
36982,LH521,31/07/2020,4846-5500-8805,male,Sylvan,Boak,19/05/2020,Economy,H96,646
77072,LH556,17/09/2019,7659-7292-2513,male,Theodor,Braunsheidel,09/09/2019,Economy,E53,3226
77821,LH541,10/03/2020,1079-5943-7634,male,Kelsey,Haoos,10/12/2019,Economy,A81,534
11955,LH280,10/02/2020,6063-7569-1625,female,Merla,Mary,17/01/2020,Economy,A83,2071
90347,LH459,21/12/2019,2161-6146-9750,female,Kakalina,Docwra,06/12/2019,Economy,C50,2603
66102,LH377,18/03/2020,2559-1474-6779,male,Jotham,Warder,13/12/2019,Economy,E82,562
65522,LH360,03/01/2020,1031-5437-5258,female,Sallyann,Bertie,12/11/2019,Economy,A39,894
71131,LH151,28/09/2019,1223-8698-9792,female,Chantalle,Pangman,31/08/2019,Economy,A45,1829
70028,LH193,24/10/2019,6108-5677-1333,male,Orin,Grey,15/08/2019,Economy,A98,660
59683,LH385,14/01/2020,9005-9153-8506,male,Winton,Buchan,19/11/2019,Economy,G42,788
50371,LH460,19/03/2020,2785-2462-3444,male,Fernando,Jerrett,14/02/2020,Economy,B52,1524
92997,LH401,18/02/2020,9906-9042-3328,female,Hannie,Tansley,23/01/2020,Economy,A2,1916
68014,LH290,11/08/2019,1344-3487-3273,female,Harriet,Careless,27/07/2019,Economy,H1,2651
64439,LH177,31/12/2019,9608-1928-9507,female,Charlotta,Tomlin,08/10/2019,Economy,H33,563
17335,LH419,19/05/2020,1037-2093-8131,female,Chloe,Bowness,21/03/2020,Economy,E56,814
21393,LH414,19/05/2020,7043-9691-5818,male,Salvador,Allsop,25/02/2020,Economy,D21,542
19484,LH176,08/03/2020,2500-5732-0174,male,Town,Love,12/01/2020,Economy,E78,796
51075,LH138,21/11/2019,6969-5527-6415,female,Leda,Toulouse,25/09/2019,Economy,F97,825
26088,LH383,23/07/2019,1071-2144-0656,female,Lianna,Howes,15/07/2019,Economy,C97,3177
20044,LH509,30/06/2020,1744-5366-9551,female,Tarah,Holdsworth,09/05/2020,Economy,G3,941
37468,LH282,16/12/2019,1999-3038-6539,male,Woodie,Anne,08/12/2019,Economy,B41,3186
29327,LH296,23/11/2019,6456-4771-6601,male,Myles,Braniff,23/08/2019,Economy,H52,556
90044,LH483,31/03/2020,2394-5924-9755,male,Wyn,Dodshon,01/01/2020,Economy,B13,504
94511,LH126,20/04/2020,2598-4003-7377,male,Zebulon,Alley,25/03/2020,Economy,H65,1932
99109,LH129,19/04/2020,5731-7500-1820,female,Aila,Spouncer,03/03/2020,Economy,F42,1083
27757,LH398,03/03/2020,7682-7780-9173,female,Jaquelin,Rutherford,26/12/2019,Economy,D56,669
105758,LH471,04/02/2020,1949-8728-6585,female,Jorey,Barnes-austin,17/12/2019,Economy,E10,1040
69401,LH426,28/02/2020,8457-9678-3524,female,Raine,Scaif,07/02/2020,Economy,H17,2249
21834,LH550,07/08/2019,1003-0694-5485,female,Courtenay,Russell,18/07/2019,Economy,G93,2300
21603,LH211,09/08/2020,9578-7856-0933,male,Skipper,Betos,21/05/2020,Economy,F85,568
105251,LH479,10/04/2020,7839-3661-7511,male,Marlo,Briscoe,31/01/2020,Economy,C67,673
51243,LH209,03/03/2020,1055-1509-4335,female,Avis,Ballenger,23/02/2020,Economy,C47,3129
42402,LH406,06/10/2019,6698-6580-3247,female,Korrie,Foot,20/09/2019,Economy,C85,2560
61400,LH573,21/05/2020,1076-6871-6126,female,Evie,Tunstall,06/05/2020,Economy,C23,2598
35911,LH123,07/05/2020,3248-2262-5114,female,Ranice,Hampson,29/03/2020,Economy,H14,1341
71814,LH594,21/01/2020,9037-9330-4262,male,Broderick,Lunn,29/11/2019,Economy,B8,866
94453,LH304,03/02/2020,2290-4178-0702,male,Welbie,Coulthart,13/11/2019,Economy,C70,555
48621,LH262,10/07/2020,7927-2282-7911,male,Graehme,Turk? carr?,17/04/2020,Economy,H11,596
18579,LH121,20/05/2020,2931-3564-0481,female,Nolana,Stonehouse,30/04/2020,Economy,G63,2287
53880,LH444,24/10/2019,7347-4223-6782,female,Joli,Ncguffie,08/08/2019,Economy,G87,544
30672,LH358,02/06/2020,1149-7403-3902,male,Antonin,Beck,25/02/2020,Economy,A26,525
43259,LH125,17/11/2019,4410-6280-9211,female,Raphaela,Fulcher,02/11/2019,Economy,D95,2580
101652,LH455,12/07/2020,3496-5784-7179,female,Daryn,Gilby,23/04/2020,Economy,H69,558
71050,LH498,17/05/2020,6736-2234-1882,male,Izzy,Clewer,15/04/2020,Economy,D97,1646
109834,LH549,18/07/2020,2749-6779-7489,male,Murphy,Borrowman,26/05/2020,Economy,D91,944
80325,LH259,25/01/2020,5828-8742-6923,female,Chantal,Harlock,15/01/2020,Economy,B69,3033
63387,LH550,02/12/2019,1052-5834-4329,male,Tobit,Skitter,17/10/2019,Economy,H70,1089
31201,LH145,24/09/2019,7767-3757-6891,male,Claybourne,Hartman,11/09/2019,Economy,D25,2753
57089,LH227,07/11/2019,9006-6080-2960,female,Dynah,Simm,11/08/2019,Economy,E14,599
66030,LH237,26/12/2019,6934-1408-6160,male,Nestor,Cowie,23/10/2019,Economy,D94,735
27924,LH174,26/03/2020,8150-8519-8232,female,Marjie,Talkes,27/02/2020,Economy,D48,1785
102197,LH410,03/02/2020,1089-0698-4871,male,Engelbart,Mcconchie,31/01/2020,Economy,F78,3665
84415,LH344,03/08/2020,5076-3055-8641,female,Darcie,Lockridge,30/04/2020,Economy,G68,599
92480,LH447,29/07/2019,7464-1831-2245,male,Monroe,Bosville,13/07/2019,Economy,H88,2544
51616,LH118,14/07/2020,3295-6607-9848,female,Davina,Fishwick,18/05/2020,Economy,G63,806
46771,LH392,20/03/2020,9712-2230-1615,female,Brier,Mcquillian,06/01/2020,Economy,E84,580
48870,LH477,12/07/2020,1879-5632-0905,female,Nanine,Robins,14/04/2020,Economy,H28,508
30342,LH593,08/10/2019,7004-1191-7939,female,Wandie,Mcminn,02/10/2019,Economy,F32,3311
75663,LH383,21/04/2020,2601-4661-5296,female,Brittney,Glass,27/01/2020,Economy,D11,545
63477,LH332,11/12/2019,1228-2600-6727,male,Patsy,Keir,02/11/2019,Economy,E32,1288
53753,LH182,26/03/2020,7628-5102-0337,female,Margy,Butterworth,20/02/2020,Economy,A69,1514
99694,LH134,31/03/2020,9374-2932-8139,male,Dryke,Prescott,01/02/2020,Economy,H53,770
69637,LH498,18/11/2019,2763-8421-6741,female,Cody,Bottomley,18/08/2019,Economy,F99,582
32453,LH370,30/06/2020,9893-0554-5599,female,Sharon,Barclay,29/03/2020,Economy,H8,540
65254,LH161,11/07/2020,5195-7221-9319,female,Cristal,Loomis,30/04/2020,Economy,A12,607
74040,LH450,28/10/2019,7597-1684-1694,female,Lyndel,Lisenby,17/10/2019,Economy,B26,2847
32677,LH305,19/12/2019,1308-6873-5445,female,Elie,Pawley,18/09/2019,Economy,C43,576
43875,LH495,13/03/2020,9828-5746-0183,male,Derrol,Newark,10/01/2020,Economy,B43,753
29360,LH587,27/06/2020,3361-0032-0654,male,Rex,Linfoot,24/05/2020,Economy,F10,1502
60045,LH266,01/08/2020,8903-5573-1114,female,Elfrieda,Bethell,13/05/2020,Economy,B92,575
12307,LH422,08/04/2020,7691-4943-2789,female,Marjie,Erickson,23/02/2020,Economy,E34,1161
24257,LH498,27/04/2020,8411-1488-0589,male,Christiano,Fallis,23/03/2020,Economy,H73,1518
36468,LH322,09/11/2019,6325-9743-5881,female,Felisha,Miles,09/09/2019,Economy,E33,707
73467,LH448,03/02/2020,8472-9623-4847,male,Siward,Oldcorn,25/11/2019,Economy,A15,651
84804,LH593,14/10/2019,5883-9407-1819,female,Faye,Virgin,05/08/2019,Economy,F8,678
28655,LH273,11/11/2019,1434-4324-2441,female,Nannie,Chestnut,19/08/2019,Economy,A23,558
23092,LH278,30/06/2020,7518-7046-4452,female,Wilow,Johnstone,09/04/2020,Economy,F99,570
17402,LH182,13/04/2020,6246-8249-0080,male,Mack,Westaby,13/01/2020,Economy,C52,544
70721,LH135,23/04/2020,3128-8951-4661,female,Aggy,Leutner,13/04/2020,Economy,F54,3030
38805,LH543,01/04/2020,9995-7979-3877,female,Shayna,Bisset,08/01/2020,Economy,D51,595
77831,LH382,16/05/2020,3959-1869-3890,female,Leonie,Hugginson,29/03/2020,Economy,F52,1014
10402,LH241,14/11/2019,1439-0415-8462,female,Marie-Ann,Lockhart,11/08/2019,Economy,A48,533
100214,LH168,07/06/2020,2046-3998-4580,female,Lark,Barron,28/03/2020,Economy,F22,586
74140,LH589,06/01/2020,1018-6182-8157,male,Weidar,Lilley,17/11/2019,Economy,B66,963
52932,LH562,18/10/2019,3840-9960-2340,female,Lynnet,Golding,12/08/2019,Economy,F46,669
36378,LH422,13/10/2019,5792-0091-4665,male,Garfield,Livsey,09/07/2019,Economy,E96,561
28662,LH140,30/12/2019,1095-3886-0148,female,Blinny,Harley,08/12/2019,Economy,H96,2190
63756,LH435,17/10/2019,2116-5250-2415,male,Archon,Leiningen,26/09/2019,Economy,D16,2211
18702,LH358,28/05/2020,9306-3890-5547,female,Laurella,Collingwood,08/03/2020,Economy,F43,580
24893,LH212,07/08/2019,4353-2336-7346,female,Kirby,Alkrington,31/07/2019,Economy,F62,3242
10723,LH408,13/06/2020,5106-0237-2887,male,Erwin,Hudgell,14/04/2020,Economy,G97,777
22449,LH305,25/03/2020,6995-4105-9458,male,Meredith,Coombe,01/03/2020,Economy,G92,2033
22934,LH281,19/11/2019,3507-8904-7974,male,Avi,Ester,20/09/2019,Economy,D15,750
55004,LH158,14/09/2019,6503-5217-4491,female,Nadia,Seabrooke,27/07/2019,Economy,F22,1022
74764,LH590,28/12/2019,5894-1875-8815,male,Desmond,Gosling,15/10/2019,Economy,F67,625
52673,LH260,21/04/2020,4232-9750-5042,female,Batsheva,Clapton,16/02/2020,Economy,F85,705
95400,LH465,22/04/2020,5476-7650-5476,male,Antone,Hutt,14/04/2020,Economy,E17,3146
101289,LH262,17/06/2020,6339-7311-6046,female,Hatty,Musson,29/05/2020,Economy,B13,2333
67058,LH144,28/05/2020,2321-8077-5156,male,Virgilio,Atwell,03/04/2020,Economy,E60,818
102573,LH246,30/08/2019,8291-1046-1197,female,Maya,Fitzgeorge,12/07/2019,Economy,C26,1028
102034,LH505,07/03/2020,4402-5114-9774,male,Karsten,Machen,05/03/2020,Economy,B11,3766
43388,LH368,20/07/2020,4281-5859-9777,female,Georgine,Wilkinson,17/05/2020,Economy,E28,738
47800,LH142,14/05/2020,5201-4292-1333,male,Leslie,Crook,25/02/2020,Economy,B92,593
97544,LH236,23/06/2020,6378-9678-9391,male,Torin,Blundell,16/05/2020,Economy,A22,1340
72884,LH539,12/08/2020,9128-6662-1790,male,Everett,Owen,18/05/2020,Economy,D77,530
65895,LH362,14/07/2019,6121-5504-9444,female,Hermia,Ellicott,05/07/2019,Economy,F56,3096
91886,LH147,05/07/2020,4053-4974-6002,female,Dena,O'hearn,18/04/2020,Economy,B85,26
28429,LH403,24/06/2020,5822-9625-6819,male,Whitby,Mckay,25/03/2020,Economy,G42,513
29062,LH472,19/10/2019,1064-6695-3266,male,Haskel,Thacker,21/08/2019,Economy,B77,757
20450,LH339,24/10/2019,2040-9504-4254,female,Kat,Elen,26/08/2019,Economy,H12,734
33543,LH101,27/09/2019,6809-3880-2961,male,Ron,Begg,31/08/2019,Economy,F46,1865
72349,LH162,26/07/2020,1885-8939-5002,female,Karoline,Hamer,28/04/2020,Economy,A78,535
79196,LH439,21/03/2020,1046-6309-8206,female,Gael,Lithgow,06/03/2020,Economy,E99,2612
11015,LH269,18/01/2020,1062-2407-5057,female,Myriam,Ashworth,20/11/2019,Economy,E99,767
49939,LH326,12/10/2019,3874-8176-1015,female,Leonanie,Walker,27/09/2019,Economy,F55,2605
62712,LH411,15/06/2020,1228-3473-6048,female,Martie,Grieve,29/04/2020,Economy,D75,1007
33237,LH416,21/05/2020,4708-0439-2945,male,Sully,Cheetham,04/04/2020,Economy,G23,1071
97402,LH522,28/02/2020,8583-9188-2025,male,Oswell,Chorlton,28/11/2019,Economy,B8,541
24717,LH467,29/12/2019,9510-9736-7009,male,Scotty,Scholes,11/11/2019,Economy,C63,1031
69900,LH328,17/05/2020,2216-7784-1286,female,Rosy,Holles,02/05/2020,Economy,H51,2619
11891,LH210,07/04/2020,1034-9405-2638,male,Dunc,Bleasdell,05/03/2020,Economy,F46,1562
46362,LH585,29/09/2019,1957-3818-5123,male,Slim,Farragher,08/09/2019,Economy,E19,2175
100561,LH369,26/06/2020,9948-8633-8672,female,Andriette,Boileau,24/03/2020,Economy,B89,519
77635,LH332,23/09/2019,6433-4125-9911,male,Josephus,Renata,08/09/2019,Economy,B31,2629
52922,LH301,08/08/2020,2906-6126-8576,female,Faythe,Domingo,30/05/2020,Economy,C64,639
17768,LH389,05/11/2019,2294-2187-5189,female,Sibby,Midhope,07/08/2019,Economy,H46,555
101602,LH312,29/05/2020,4116-5040-1576,male,Munroe,Branam,03/04/2020,Economy,A18,795
24588,LH559,16/08/2020,6291-5412-2421,female,Sadella,Melrose,30/05/2020,Economy,E42,625
101208,LH229,23/10/2019,5555-6043-6148,female,Sarah,Pollock,28/07/2019,Economy,F22,523
80491,LH407,14/08/2019,2355-5814-5956,female,Katalin,Wilkins,12/07/2019,Economy,F62,1592
26768,LH522,10/11/2019,3666-4192-6475,male,Tabbie,Hodgins,03/10/2019,Economy,A33,1364
76564,LH165,31/03/2020,8897-3635-1246,female,Karly,Forge,09/03/2020,Economy,A62,2106
53111,LH532,05/03/2020,1737-3078-4459,male,Sanderson,Burroughs,28/12/2019,Economy,B97,642
12422,LH252,21/10/2019,5268-4460-3075,female,Vivi,Gillespie,23/09/2019,Economy,B58,1769
15911,LH599,10/06/2020,8006-8198-1145,male,Domenic,Mckoun,16/04/2020,Economy,A45,907
98016,LH268,06/01/2020,2352-8330-7176,female,Lanni,Finch,31/12/2019,Economy,G8,3357
65439,LH235,04/09/2019,2716-2350-3862,male,Fremont,Dzwonkowski,11/08/2019,Economy,A14,2049
106995,LH131,29/10/2019,3401-9351-6825,male,Owen,Washington,08/09/2019,Economy,C52,968
54134,LH580,04/08/2020,5732-0321-5277,female,Adel,Blount,02/05/2020,Economy,G57,509
34307,LH174,27/01/2020,3944-2956-1315,male,Leighton,Edge,22/01/2020,Economy,C99,3447
88408,LH183,08/01/2020,2365-7632-9619,male,Glynn,Goss,18/12/2019,Economy,G0,2231
79597,LH477,20/11/2019,3701-1720-3295,male,Davidde,Witton,01/11/2019,Economy,H87,2318
83826,LH517,30/10/2019,5976-4855-5784,female,Sybila,Marion,05/10/2019,Economy,D86,1873
49536,LH326,14/10/2019,9616-9479-0485,male,Noel,Ayres,16/09/2019,Economy,G39,1798
65135,LH487,07/09/2019,9665-3624-8455,male,Lindy,German,16/07/2019,Economy,A41,860
89078,LH470,16/10/2019,7618-1149-2389,male,Miles,Johnson-walsh,14/07/2019,Economy,D56,589
39203,LH531,04/11/2019,3725-9820-2140,male,Rory,Adamthwaite,08/08/2019,Economy,C59,596
77533,LH423,13/11/2019,1030-9487-3162,male,Sivert,Lamplough,13/11/2019,Economy,F35,3913
85449,LH525,03/03/2020,8818-0484-7950,male,Tymothy,Scamman,26/02/2020,Economy,H93,3327
65306,LH497,05/02/2020,1907-4257-9236,male,Harrison,Werschky,11/11/2019,Economy,A55,569
21995,LH457,08/03/2020,8229-1377-6979,male,Raimund,Godophin,01/03/2020,Economy,A36,3286
50283,LH406,13/12/2019,6428-3300-3699,female,Goldy,Rawdon-hastings,21/10/2019,Economy,A30,899
49999,LH222,23/04/2020,5697-3369-9381,male,Johannes,Shields,30/03/2020,Economy,H86,2041
10245,LH276,18/06/2020,5310-0668-2097,female,Adelle,Kitchen,13/04/2020,Economy,E71,691
12915,LH166,14/08/2019,6645-5985-9769,female,Vina,Nancy /colquitt,10/07/2019,Economy,G37,1449
79139,LH591,22/08/2019,8362-7172-2141,male,Thatch,Anthon,11/07/2019,Economy,G77,1253
35937,LH534,08/10/2019,4556-2751-0487,male,Kennedy,Mcguire,04/08/2019,Economy,E83,653
90206,LH451,14/01/2020,9670-6445-8993,female,Hestia,Heming,10/10/2019,Economy,E43,533
27735,LH370,03/07/2020,7852-0623-6301,male,Abbey,Heigie,15/04/2020,Economy,H89,570
51411,LH251,08/08/2019,9908-4322-9628,male,Sander,Munns,02/07/2019,Economy,D28,1440
88874,LH436,05/05/2020,3586-9048-2833,male,Joey,Jenkinson,18/03/2020,Economy,H87,1054
25166,LH472,31/08/2019,1054-8780-4230,male,Ezekiel,Sowerby,15/08/2019,Economy,F21,2531
87052,LH354,17/05/2020,4744-5732-4606,male,Benn,Phelps,17/03/2020,Economy,A39,779
43694,LH371,16/06/2020,1331-2630-3961,male,Reynard,S-c gotha,02/05/2020,Economy,A52,1144
75051,LH114,03/05/2020,8193-8821-0242,female,Rebekah,Forsythe,19/02/2020,Economy,H8,585
19616,LH410,09/03/2020,1756-2947-3149,female,Georgia,Burmeister,04/12/2019,Economy,G85,526
91273,LH193,08/02/2020,1025-7413-6108,male,Scott,Steel,28/11/2019,Economy,A92,637
82091,LH469,08/09/2019,1089-1920-5218,female,Scarlet,Wiseman,25/08/2019,Economy,E23,2740
96946,LH132,19/09/2019,8188-7478-3815,male,Neel,Rothwell,09/08/2019,Economy,F42,1284
40296,LH486,26/12/2019,6288-4301-0278,male,Carter,Lampet,06/12/2019,Economy,A57,2278
61859,LH252,24/09/2019,1151-6407-6703,female,Lyndsey,Villegas,10/09/2019,Economy,B94,2745
99721,LH496,28/05/2020,7829-3236-1003,female,Adaline,Bruty,08/05/2020,Economy,C29,2252
66397,LH446,06/12/2019,4563-7930-0081,male,Stephan,Stillie,18/11/2019,Economy,C34,2404
39953,LH354,03/03/2020,1996-4291-5223,female,Rubia,Buckle,31/12/2019,Economy,F18,683
17523,LH540,05/08/2020,1018-3538-0463,female,Meghann,Fleming,04/05/2020,Economy,A42,537
75172,LH121,03/03/2020,4921-3109-2109,male,Aleksandrs,Yeates,08/01/2020,Economy,C95,860
48303,LH538,25/05/2020,7584-6124-9952,female,Ashlie,Coker,29/02/2020,Economy,B27,582
103367,LH339,07/10/2019,1007-8495-7280,female,Inci,Mann,25/09/2019,Economy,C36,2832
52014,LH334,08/04/2020,5682-7928-3006,female,Scarlett,Newall,16/02/2020,Economy,A40,919
76184,LH118,03/07/2020,2950-7706-3769,male,Bertram,Ireton,17/05/2020,Economy,B6,1038
44108,LH106,21/05/2020,3743-8389-4451,female,Katharina,Battle,05/03/2020,Economy,F63,573
15330,LH421,10/03/2020,8471-4265-6655,male,Emile,Beeson,08/12/2019,Economy,H53,573
91673,LH463,23/09/2019,8698-2174-3875,male,Nolan,Phipps,12/08/2019,Economy,C79,1192
27662,LH281,13/03/2020,1099-5878-3230,female,Moya,Hakes,19/12/2019,Economy,D15,590
75454,LH584,27/10/2019,1041-1952-4817,male,Niven,Other,10/09/2019,Economy,E69,1012
65930,LH267,02/11/2019,7735-8246-3477,female,Gertrudis,Riddle,10/09/2019,Economy,F47,927
60438,LH373,24/02/2020,3431-9326-4619,female,Sallyann,Bixby,06/01/2020,Economy,H6,1034
65771,LH167,17/12/2019,4895-0918-4115,male,Tiebout,Blum,17/09/2019,Economy,C11,505
54210,LH558,14/04/2020,1017-2076-0696,male,Abby,Picardie,21/02/2020,Economy,G49,859
102235,LH195,21/10/2019,2851-4973-0673,male,Phillipe,Bourne,02/09/2019,Economy,B38,1002
46550,LH313,25/02/2020,5616-0804-5991,female,Aprilette,Ronnell,29/01/2020,Economy,C65,1829
103439,LH315,29/01/2020,5974-6482-8562,female,Madelena,Lynn,14/11/2019,Economy,F53,555
67857,LH351,03/01/2020,4381-9779-3596,male,Damon,Major,29/12/2019,Economy,F91,3395
61763,LH585,21/07/2020,2350-5202-6902,female,Emilie,Leyland,13/05/2020,Economy,D96,664
70833,LH513,23/11/2019,6863-7850-6869,female,Teriann,Dufour,22/09/2019,Economy,A71,673
13488,LH463,14/04/2020,3775-3181-7487,female,Auguste,Moxham,06/03/2020,Economy,C83,1294
43552,LH421,13/08/2019,5942-8371-8131,male,Johannes,Hoyland,23/07/2019,Economy,A95,2244
16558,LH201,28/12/2019,1039-1107-0229,female,Belvia,Cockburn,01/10/2019,Economy,E56,568
103546,LH489,08/02/2020,4595-7637-9776,male,Dustin,Pointon,23/12/2019,Economy,D51,1074
88001,LH259,18/10/2019,1100-1677-6805,male,Lev,Ackrigg,21/09/2019,Economy,F19,1865
52537,LH367,30/04/2020,2916-9036-7154,female,Rianon,Chestnut,07/04/2020,Economy,D52,2061
107688,LH356,06/07/2020,2988-4040-6821,female,Kora,Betty,23/04/2020,Economy,A57,631
94523,LH229,24/09/2019,6662-7399-1691,male,Gerry,Woodford,02/07/2019,Economy,A58,583
25178,LH239,26/10/2019,8088-3855-4377,female,Candide,Kyngdon,12/08/2019,Economy,F88,559
89091,LH333,13/04/2020,6055-0435-7916,male,Anders,Turner,07/01/2020,Economy,D2,571
12157,LH504,01/05/2020,1596-0565-1401,female,Fania,Duffie,07/02/2020,Economy,E0,561
10531,LH368,27/11/2019,4153-1921-4249,male,Jermaine,Heald,14/10/2019,Economy,A57,1132
83801,LH517,12/10/2019,7589-6501-5593,male,Scotty,Beesley,21/08/2019,Economy,D57,885
41050,LH250,04/05/2020,3409-4239-2499,female,Mabel,Dodsworth,09/04/2020,Economy,C41,1973
65383,LH395,07/05/2020,8462-7292-5837,female,Melina,Cash,10/03/2020,Economy,F83,796
89964,LH526,24/05/2020,3260-4461-5461,female,Rae,Fawcett,26/03/2020,Economy,H83,816
92735,LH463,14/12/2019,1087-6540-5451,male,Moishe,Gunnell,10/11/2019,Economy,G55,1490
101279,LH110,24/12/2019,4990-4337-8575,female,Edeline,Carmichael,17/12/2019,Economy,B56,3247
10979,LH366,15/09/2019,9682-7560-5450,female,Roxi,Seabrooke,27/08/2019,Economy,E13,2294
63458,LH134,20/07/2019,2884-0386-3765,female,Fancie,Minto,01/07/2019,Economy,B22,2310
41460,LH590,09/04/2020,1099-4475-0615,male,Yigal,Vinicomb,25/02/2020,Economy,E65,1134
30155,LH169,14/07/2020,5832-8745-1905,male,Oliver,Neil,03/05/2020,Economy,F89,592
107468,LH575,09/03/2020,5313-0071-0988,male,Richardo,Boddy,27/02/2020,Economy,B48,2945
39180,LH388,03/09/2019,3105-3437-0226,female,Zorah,Halyburton,16/07/2019,Economy,F61,965
29919,LH136,07/02/2020,5142-2624-5945,female,Xylia,Mrs graham,21/11/2019,Economy,B82,566
100400,LH174,03/08/2019,1628-3971-0826,female,Lynde,Spurr,21/07/2019,Economy,G86,2765
45378,LH585,09/12/2019,8346-5307-0788,male,Hermon,Eyles,02/09/2019,Economy,E54,531
95976,LH383,28/08/2020,7469-4365-1653,male,Cleland,Nimmo,02/06/2020,Economy,C12,589
94082,LH138,18/05/2020,4047-3911-0227,female,Merna,Smale,03/03/2020,Economy,H70,623
74402,LH474,07/11/2019,4355-9353-2844,female,Suzann,Ellerington,28/10/2019,Economy,D10,3007
40041,LH422,02/08/2020,5530-6519-2452,male,Worthy,Tesseyman,07/05/2020,Economy,C6,510
105201,LH116,14/03/2020,7416-9620-1811,female,Celisse,Archer,25/02/2020,Economy,F30,2371
63057,LH232,18/12/2019,1658-6288-4352,male,Gregor,Hendry,25/09/2019,Economy,B56,573
22725,LH252,21/01/2020,8854-4194-7306,female,Juditha,Hancock,19/10/2019,Economy,C29,553
83340,LH180,26/07/2019,2666-9217-3227,male,Lev,Stapleton,19/07/2019,Economy,F22,3215
96565,LH245,12/04/2020,5671-1211-1934,female,Maureen,Walshe,12/02/2020,Economy,G38,795
49856,LH113,13/10/2019,2205-6245-9471,female,Mela,Braunschweig-wolfenbuettel,22/08/2019,Economy,G72,944
31429,LH401,20/06/2020,3025-6389-1468,female,Jo,Gerard,11/04/2020,Economy,D79,638
54037,LH138,12/04/2020,1003-8593-3209,male,Chaim,Holliday,31/01/2020,Economy,F15,654
42532,LH319,25/12/2019,2164-8260-2762,male,Terrence,Bramlett,26/11/2019,Economy,D88,1797
69603,LH214,09/02/2020,9579-5147-4803,female,Asia,Whitehill,30/01/2020,Economy,D57,3055
58469,LH103,25/10/2019,7872-7583-2810,female,Mariellen,Coons,19/10/2019,Economy,D69,3397
74442,LH325,01/04/2020,1068-3433-5702,male,Jerri,Stansfield,15/01/2020,Economy,A67,588
71109,LH259,08/04/2020,1644-1632-8280,male,Rolfe,Pace,17/01/2020,Economy,E7,559
54514,LH364,15/07/2020,4528-2043-5398,female,Ventura,Garraway,02/06/2020,Economy,E88,1214
87625,LH169,21/04/2020,7245-8652-0102,female,Alisa,Celestia,30/01/2020,Economy,D9,581
107402,LH127,03/08/2020,1319-3107-0554,female,Lorri,Chapmen,04/05/2020,Economy,H60,514
53046,LH449,04/12/2019,4969-0441-5922,male,Frederich,Mellish,19/10/2019,Economy,H99,1020
63208,LH367,20/09/2019,6579-9080-0055,male,Ambrosius,Aikin,19/09/2019,Economy,A38,3826
100892,LH207,10/09/2019,7122-7214-0373,female,Aleecia,Senkow,14/08/2019,Economy,A43,1860
60661,LH364,10/11/2019,3160-3338-0818,female,Shanie,Elvy,16/09/2019,Economy,F38,836
75051,LH491,08/04/2020,4115-8414-7333,male,Zacherie,Hair,08/01/2020,Economy,C2,567
102670,LH436,08/09/2019,5941-8993-0783,male,Leo,Bryant,24/07/2019,Economy,B88,1087
41614,LH474,13/05/2020,4229-3515-8948,female,Andree,Hepburn,11/05/2020,Economy,G67,3719
96090,LH249,07/06/2020,8425-7978-9952,female,Talyah,Hebuirn,02/03/2020,Economy,C48,535
20516,LH488,25/11/2019,9959-0825-5227,male,Olivier,Sinkins,05/09/2019,Economy,B39,617
50145,LH509,28/04/2020,6850-6209-4824,male,Morly,Bowie,31/01/2020,Economy,G57,574
94664,LH470,01/07/2020,3984-3095-8328,male,Cyril,Weatherhill,16/04/2020,Economy,D30,609
82807,LH400,03/10/2019,1003-5625-8563,female,Jeniffer,Mulvie,19/09/2019,Economy,H59,2652
63575,LH298,09/11/2019,7013-7745-4376,female,Shelli,Lanthois,04/10/2019,Economy,E60,1367
84163,LH582,16/03/2020,8625-4736-4597,female,Patsy,Compton,21/02/2020,Economy,F98,2033
96926,LH377,23/10/2019,3004-8343-0203,female,Katina,Cotterill,14/08/2019,Economy,F0,651
109496,LH572,17/05/2020,2611-2968-5508,male,Torr,Moody,15/03/2020,Economy,C54,738
44070,LH392,12/10/2019,6811-3863-3314,female,Chad,Battaile,08/07/2019,Economy,C52,522
45395,LH384,10/06/2020,8752-6075-4770,female,Gabi,Gleason,16/04/2020,Economy,D25,869
45186,LH588,16/02/2020,5373-3965-6604,male,Pearce,Catesby,28/01/2020,Economy,D96,2381
74216,LH536,05/05/2020,3761-8243-3451,female,Celeste,Brogden,01/04/2020,Economy,D2,1490
67173,LH547,16/11/2019,5328-6670-1748,male,Maximilien,Noell,24/10/2019,Economy,A11,1992
44229,LH200,20/02/2020,4396-6820-8338,male,Benjy,Dollar,31/12/2019,Economy,B58,996
77727,LH376,27/11/2019,4127-6853-2966,female,Felecia,Scoville,11/11/2019,Economy,B44,2584
101807,LH215,19/04/2020,8021-0701-0873,male,Justis,Stalker,18/04/2020,Economy,H1,3840
84660,LH460,30/04/2020,3839-9158-6539,female,Nela,Lamden,28/03/2020,Economy,F72,1534
45667,LH437,22/01/2020,1276-8229-8684,male,Emery,Eldridge,20/11/2019,Economy,A82,723
109303,LH507,26/04/2020,1059-6198-6432,female,Debera,Mckitrick,04/04/2020,Economy,G69,2171
103790,LH156,04/11/2019,7323-6190-4996,female,Dacey,Hume,01/09/2019,Economy,B51,651
87199,LH480,30/01/2020,2193-6918-9021,male,Tito,Hoyland,31/12/2019,Economy,A81,1700
77957,LH324,04/06/2020,1050-2321-7955,female,Cybel,Hilda,03/03/2020,Economy,B7,562
31167,LH421,26/04/2020,2413-9640-9030,female,Marcelline,Mcmally,19/02/2020,Economy,D99,697
93124,LH492,05/03/2020,5063-1912-1955,male,Raoul,Lonsdale,21/01/2020,Economy,B98,1099
75992,LH181,04/01/2020,6902-4768-7819,female,Oralle,Heyes,03/01/2020,Economy,A68,3831
107492,LH278,21/06/2020,9683-1405-8070,female,Jacky,Mais,31/03/2020,Economy,E9,566
32781,LH516,08/02/2020,6156-8445-2121,female,Vale,Dunham,21/12/2019,Economy,C64,967
105243,LH190,12/07/2020,2750-4167-7028,male,Adolphe,Muirhead,26/05/2020,Economy,G62,1082
68525,LH568,11/04/2020,1083-8800-6317,female,Corabelle,Noden,15/01/2020,Economy,A47,589
70295,LH374,27/08/2019,1837-5946-3130,female,Charlotta,Culcheth,07/07/2019,Economy,D76,936
59776,LH558,06/03/2020,1121-2287-3574,male,Abelard,Bourke,29/12/2019,Economy,E90,673
42551,LH483,05/02/2020,4018-3843-8331,female,Christyna,Dimascio,22/01/2020,Economy,G98,2653
41986,LH517,08/11/2019,8446-0661-0754,male,Quillan,Mackreth,26/09/2019,Economy,A28,1102
91047,LH236,10/09/2019,5309-7685-4453,female,Fayth,Crabtree,13/08/2019,Economy,A65,1789
12338,LH361,15/09/2019,8155-6844-1786,male,Elnar,Hoomes,21/08/2019,Economy,F8,2009
39671,LH179,28/11/2019,1957-2566-3850,male,Ezechiel,Ellen,22/08/2019,Economy,H68,573
55821,LH586,22/08/2019,5041-2789-4084,male,Carson,Hopper,11/08/2019,Economy,D20,2922
40501,LH246,11/06/2020,1766-3117-5690,male,Teador,Hindmarsh,20/04/2020,Economy,C85,911
74288,LH245,12/04/2020,1966-3565-7562,male,Shem,Burill,12/04/2020,Economy,A40,3883
46777,LH487,26/03/2020,2977-9908-5428,male,Alley,Forfar,27/01/2020,Economy,D42,831
12215,LH478,28/03/2020,8434-6590-2212,male,Marlin,Overton,08/03/2020,Economy,B68,2229
73841,LH501,06/10/2019,4902-8090-2188,female,Cecilla,Cordell,21/09/2019,Economy,B57,2636
79316,LH393,16/10/2019,1844-8139-8078,female,Ferne,Swannack,13/07/2019,Economy,G60,578
75892,LH286,29/03/2020,1914-2346-7658,female,Cybelle,Hymer,19/01/2020,Economy,B84,611
94104,LH243,06/01/2020,4287-2580-6027,female,Arleyne,Jenkins,25/12/2019,Economy,H21,2871
37803,LH285,14/04/2020,5095-4314-9600,male,Osborne,Sweeney,13/03/2020,Economy,D69,1627
101878,LH265,18/12/2019,8668-1854-7245,female,Francine,Estes,22/11/2019,Economy,E62,1920
104245,LH555,19/11/2019,1078-3083-6471,male,Bela,Dickie,13/11/2019,Economy,C0,3310
47763,LH578,13/12/2019,2455-3479-9380,male,Turner,Underwood,13/12/2019,Economy,E51,3892
84189,LH146,27/09/2019,1071-2402-8132,female,Susana,Safford,27/07/2019,Economy,C12,739
86361,LH234,24/07/2020,9187-9749-5588,male,Julie,Spires,22/05/2020,Economy,C72,700
57591,LH588,16/01/2020,2895-9766-4135,male,Theophyllus,Cockcroft,02/01/2020,Economy,C33,2694
53881,LH113,26/09/2019,8252-6279-0923,male,Clive,Mckeachie,02/08/2019,Economy,F20,870
87608,LH321,01/11/2019,3202-2079-1720,female,Silvia,Washington,22/09/2019,Economy,F18,1281
49701,LH400,21/05/2020,8557-9649-8133,male,Brodie,Corken,22/04/2020,Economy,G36,1742
43488,LH399,18/05/2020,9023-5919-0408,female,Kyrstin,Van order,07/04/2020,Economy,C67,1288
96474,LH210,11/06/2020,6805-0883-3293,male,Garfinkel,Brotherton,07/03/2020,Economy,A53,570
87009,LH101,01/02/2020,3726-9276-3716,male,Duke,Mccullagh,14/12/2019,Economy,C62,989
38513,LH459,18/08/2019,5617-9822-0057,male,Kareem,Baird nee,07/07/2019,Economy,B59,1193
18919,LH540,26/11/2019,3659-6792-5355,female,Chelsie,Mayes,26/08/2019,Economy,A20,570
82508,LH339,04/01/2020,6117-8330-6527,female,Corly,Waldegrave,09/12/2019,Economy,E54,1954
73526,LH576,30/03/2020,1078-8492-5576,male,Adger,Sedley,20/02/2020,Economy,F97,1282
96896,LH126,25/08/2019,2424-4616-8650,female,Jocelyne,Archer,04/08/2019,Economy,F57,2182
106714,LH203,26/01/2020,6052-0161-2297,female,Dell,Cormack,06/01/2020,Economy,A9,2287
79583,LH521,12/09/2019,8363-5907-1572,male,Val,Shute,22/08/2019,Economy,G59,2232
93234,LH421,04/01/2020,9928-1440-8259,male,Emmit,Tunningley,06/10/2019,Economy,H89,574
18825,LH478,06/11/2019,5693-9214-5797,female,June,Hogden,26/08/2019,Economy,E89,643
75803,LH194,07/08/2020,9434-2892-8260,female,Carlynn,Franks,02/06/2020,Economy,C39,636
70325,LH328,30/05/2020,8210-3684-6686,male,Teodorico,Nichols,25/03/2020,Economy,H29,696
12728,LH574,21/10/2019,1071-1738-2443,male,Jermaine,Drennan,23/07/2019,Economy,H64,520
106163,LH537,22/04/2020,1005-2871-5424,male,Anurag,Holtom,28/03/2020,Economy,F50,1950
67337,LH588,19/03/2020,1096-9722-6031,male,Ansel,Greig,29/01/2020,Economy,G14,972
62011,LH335,14/01/2020,4377-5734-3692,female,Bel,Simkins,28/12/2019,Economy,D90,2464
43943,LH483,11/11/2019,6434-2043-4724,male,Trevar,Ashfield,29/08/2019,Economy,H99,591
16910,LH180,13/04/2020,8998-2871-0078,female,Holley,Mckinnel,31/01/2020,Economy,A74,645
19175,LH231,23/06/2020,8098-4035-5219,male,Paten,Ketchen,17/05/2020,Economy,H39,1418
11820,LH233,23/01/2020,5050-1969-1890,female,Pammy,Elizabeth,04/11/2019,Economy,D89,548
34934,LH534,08/04/2020,1823-2523-8491,female,Yoko,Black,08/03/2020,Economy,F65,1656
16177,LH414,02/11/2019,6970-0400-2761,male,Ellis,Wooton,09/08/2019,Economy,H79,569
105672,LH571,14/12/2019,2589-5450-9027,male,Richmond,Blenkhorn,23/09/2019,Economy,E49,581
53950,LH349,11/07/2019,2502-6265-8896,female,Zara,Ray,03/07/2019,Economy,B34,3149
85817,LH500,01/06/2020,5406-1540-9145,male,Lion,Hibbert,17/04/2020,Economy,A8,1078
68935,LH593,24/01/2020,2405-0316-2649,male,Vern,Trafford,27/10/2019,Economy,A41,504
39769,LH421,19/01/2020,1042-6194-8915,female,Robinia,Underwood,29/12/2019,Economy,B94,2217
81879,LH370,18/10/2019,5553-1019-7053,male,Sturgis,Jones?,12/07/2019,Economy,G78,501
30614,LH215,06/04/2020,4942-6538-4820,male,Thatcher,Ahlberg,04/01/2020,Economy,D91,564
13162,LH561,25/08/2019,7242-9917-5434,male,Richie,Raw,21/07/2019,Economy,F53,1482
53792,LH405,12/12/2019,4660-6277-5294,male,Aldwin,Beckner,01/12/2019,Economy,H57,2942
104876,LH165,14/11/2019,1532-3074-5471,female,Ofelia,Hickey,10/11/2019,Economy,G89,3519
67456,LH372,12/07/2020,7881-9046-9447,female,Sonny,Socket,16/05/2020,Economy,A2,789
30286,LH426,27/03/2020,4587-8406-8842,male,Swen,Barter,13/03/2020,Economy,D93,2727
24952,LH541,30/03/2020,5734-0174-2685,female,Berny,Screen,04/03/2020,Economy,B67,1936
35250,LH178,09/07/2020,1054-5755-6341,male,Oberon,Haoos,16/05/2020,Economy,B35,920
38805,LH225,10/09/2019,9311-6163-0854,female,Corene,Burnaby,19/07/2019,Economy,A3,877
95103,LH126,02/10/2019,1098-5589-7031,male,Dylan,Booth,02/09/2019,Economy,H86,1707
17989,LH345,04/01/2020,9094-9676-8365,female,Rivkah,Rotherham,08/12/2019,Economy,A19,1911
61615,LH332,24/03/2020,8507-1755-7480,female,Marie-Ann,Malkin,22/03/2020,Economy,C5,3719
78015,LH221,12/02/2020,3773-9420-1711,male,Ulrich,Janis,14/11/2019,Economy,G59,581
67928,LH517,01/08/2020,8178-7639-5050,male,Wes,Royle,30/05/2020,Economy,H86,739
51573,LH287,11/07/2020,1959-0610-6363,male,Zalman,Sellers,03/06/2020,Economy,F31,5920
24090,LH502,15/09/2019,4549-3537-4173,male,Kerry,Monet,04/08/2019,Economy,G27,1244
76782,LH149,28/06/2020,4403-4410-4971,male,Nelson,Jardine,02/04/2020,Economy,H19,577
45646,LH223,09/03/2020,2777-6380-6006,male,Corey,Heath,20/02/2020,Economy,A75,2367
39376,LH375,05/08/2019,8264-9850-0322,male,Avery,Mallett,01/08/2019,Economy,A34,3580
42614,LH519,21/11/2019,2637-6941-6399,male,Say,Living,15/08/2019,Economy,H85,517
47213,LH219,15/06/2020,4420-0943-6132,female,Kim,Waterhouse,19/04/2020,Economy,B14,858
68881,LH132,26/06/2020,2176-7079-5489,female,Tiphani,Wardup,20/04/2020,Economy,E79,703
12044,LH584,08/11/2019,9796-6428-5458,female,Alvinia,Frazer,21/10/2019,Economy,B68,2375
61608,LH170,07/09/2019,4089-1138-2530,female,Brietta,Farmer,09/07/2019,Economy,H61,769
60413,LH118,13/11/2019,5830-6837-4301,female,Terrye,Rawston,17/08/2019,Economy,E58,589
99563,LH252,09/02/2020,8867-7558-4108,male,Sibyl,Rustling,21/01/2020,Economy,B55,2352
77535,LH318,29/10/2019,2225-2698-0840,male,Kirby,Thirlwind,15/10/2019,Economy,D83,2573
97145,LH246,20/03/2020,3871-8945-9880,female,Fleurette,Allgreen-ussing,15/02/2020,Economy,A2,1564
89335,LH321,09/08/2020,1030-8460-6517,male,Filbert,Radcliffe,23/05/2020,Economy,C3,591
18519,LH308,27/03/2020,9980-6776-3023,male,Edouard,Mapowder,04/01/2020,Economy,A14,595
78904,LH290,18/03/2020,9993-6723-8965,male,Maxwell,Marbury,04/02/2020,Economy,C23,1127
57614,LH494,25/01/2020,6674-4314-6848,female,Lil,Dickens,02/12/2019,Economy,B38,877
37525,LH159,22/06/2020,1306-4115-6086,male,Orton,Redfern,06/05/2020,Economy,G35,1041
45248,LH363,17/04/2020,2426-1618-6941,female,Jaine,Allason,04/02/2020,Economy,G54,613
80463,LH199,19/03/2020,1021-7806-5193,male,Robin,Burleigh,27/01/2020,Economy,C2,894
13221,LH533,30/01/2020,1392-8134-7326,male,Burton,Bryning,25/12/2019,Economy,H31,1456
100518,LH137,28/12/2019,6014-4875-4219,female,Terri,Strong,17/10/2019,Economy,B6,646
88012,LH116,18/01/2020,1936-8570-7640,male,Adams,Murches,24/10/2019,Economy,C76,568
78995,LH439,27/09/2019,1240-0682-3746,female,Lorry,Gow,06/08/2019,Economy,C25,902
38195,LH104,01/12/2019,2691-3358-5606,male,Staford,Staggs,18/09/2019,Economy,G47,625
62362,LH390,05/01/2020,4737-6170-2885,female,Alicea,Thirlwind,06/12/2019,Economy,D94,1672
62264,LH358,20/10/2019,7895-7990-6343,female,Anna-Diana,Faint,30/08/2019,Economy,C59,905
14317,LH479,18/05/2020,3611-7151-8755,male,Eustace,Sims or penn,02/03/2020,Economy,B28,584
26169,LH117,05/09/2019,7339-7397-6186,male,Maxie,Hownam,09/07/2019,Economy,E60,849
29581,LH159,03/01/2020,6693-0256-5000,male,Marsh,Meldrum,21/11/2019,Economy,A93,1150
54956,LH232,05/01/2020,6103-4935-9392,female,Leiah,Slack,29/11/2019,Economy,B6,1440
53312,LH107,20/10/2019,2815-4933-5480,male,Shaun,Cornwell,27/09/2019,Economy,B94,2076
95489,LH201,24/11/2019,5592-9624-6301,female,Tova,Mcwhirter,02/10/2019,Economy,A25,904
89473,LH524,17/12/2019,8320-8394-1816,female,Kordula,Ludvinka,09/12/2019,Economy,H42,3179
80432,LH585,10/05/2020,1082-9037-4565,male,Hanan,Burnaby,14/04/2020,Economy,H17,1919
23936,LH381,16/04/2020,9544-9374-3302,male,Nathanil,Maw,28/02/2020,Economy,B96,1036
18355,LH320,12/08/2019,5363-2542-0346,male,Eddie,Garness,18/07/2019,Economy,A82,1934
48395,LH598,15/02/2020,1068-5928-1113,male,Oscar,Huet,01/02/2020,Economy,D40,2677
108279,LH211,23/12/2019,3467-1568-0962,male,Marcelo,Askrigg,03/11/2019,Economy,E50,999
26552,LH405,08/01/2020,1971-8784-8105,male,Uri,Nitschke,18/11/2019,Economy,B44,931
59699,LH546,23/09/2019,5576-1866-5299,female,Doria,Barraclough,05/08/2019,Economy,E21,1009
105934,LH127,22/05/2020,9022-0709-6873,female,Karalee,Bethome,17/03/2020,Economy,E13,707
97007,LH201,22/12/2019,6484-1658-6122,male,Leland,Barrowby,20/12/2019,Economy,C67,3727
17524,LH154,13/02/2020,7558-8780-0444,male,Ignace,Luty,28/12/2019,Economy,E31,1018
42955,LH374,18/03/2020,1603-2680-4014,female,Dyane,Bailey,01/03/2020,Economy,D70,2442
24429,LH580,20/04/2020,8022-8867-5061,male,Marlin,Patching short,29/03/2020,Economy,B75,2134
43919,LH579,24/04/2020,8118-9283-1908,male,Garth,Peggs,24/04/2020,Economy,G75,3939
30777,LH559,02/06/2020,3416-0993-2778,male,Poul,Mcgowan,09/03/2020,Economy,H96,561
94035,LH508,02/11/2019,2855-2680-2271,male,Stig,Mckeachie,16/09/2019,Economy,E34,1044
58889,LH339,19/06/2020,2331-0911-5562,male,Jessee,Wrigley,01/06/2020,Economy,D25,2421
44201,LH560,01/02/2020,6013-8454-2704,female,Ilyssa,Curwen,19/12/2019,Economy,A59,1162
67042,LH595,27/06/2020,1146-6720-3442,female,Cybil,Penlington,25/05/2020,Economy,D97,1517
63135,LH504,21/09/2019,7318-9276-3848,female,Viv,Gossard,01/08/2019,Economy,B82,987
66433,LH522,11/12/2019,9881-9537-3474,female,Tiff,Sevill,11/10/2019,Economy,F70,724
51812,LH452,11/05/2020,1858-7473-3233,male,Adolphe,Gosney,29/02/2020,Economy,G88,583
62854,LH105,24/11/2019,9889-1163-3222,male,Claudio,Braddon,16/09/2019,Economy,G83,660
108637,LH272,18/03/2020,2877-8259-6260,female,Janetta,De aldeburgh,04/01/2020,Economy,B67,619
42599,LH521,29/10/2019,8747-2549-6563,female,Hilliary,Crompton,25/09/2019,Economy,E22,1429
74726,LH171,08/10/2019,8549-5132-1316,female,Elaine,Tebb,21/07/2019,Economy,C29,542
56451,LH293,29/11/2019,1056-2064-3133,male,Barnett,Bells,12/09/2019,Economy,C38,593
14451,LH374,04/02/2020,5689-8911-0264,female,Jada,Anthony,07/11/2019,Economy,G94,591
85994,LH591,06/02/2020,8204-2174-8076,female,Nathalie,Cassells,17/12/2019,Economy,F63,945
43079,LH585,13/06/2020,2907-4722-4339,male,Bartlet,B,23/03/2020,Economy,G42,551
106199,LH351,18/04/2020,1008-5044-8353,male,Mead,Scholey,12/04/2020,Economy,B39,3332
103229,LH537,14/06/2020,1449-4596-8557,male,Sparky,Bruford,14/03/2020,Economy,D85,587
97165,LH446,01/12/2019,3244-0056-0200,female,Alvira,Supierz,05/10/2019,Economy,G51,785
67780,LH117,08/04/2020,9163-7845-4226,male,Ulysses,Trappit,09/01/2020,Economy,C96,505
43814,LH345,11/02/2020,7044-0939-9731,female,Jany,Chalmers,19/11/2019,Economy,A92,571
24247,LH140,05/05/2020,6085-7020-9361,male,Marion,Work,21/03/2020,Economy,E31,1116
43326,LH451,07/03/2020,8718-0106-3390,male,Jephthah,Twedale,02/12/2019,Economy,A21,600
53891,LH424,28/10/2019,7128-4716-3401,male,Ignaz,Pengelly,18/08/2019,Economy,D25,577
74630,LH595,19/06/2020,1998-3096-7686,male,Dickie,Haycock,21/05/2020,Economy,D2,1738
84711,LH283,28/05/2020,3522-6974-4121,male,Guy,Grierson,26/02/2020,Economy,D34,512
61714,LH232,07/12/2019,8021-0572-7830,female,Kelci,Garsden,18/09/2019,Economy,C0,553
47021,LH502,16/11/2019,8846-3393-2909,male,Neil,Stinson,05/09/2019,Economy,H97,602
50863,LH461,06/05/2020,2610-5324-4927,female,Marla,Longmuir,20/03/2020,Economy,G70,1038
17621,LH410,06/04/2020,7248-0021-1339,female,Bria,Beckner,25/01/2020,Economy,G3,596
90092,LH406,31/05/2020,9946-9346-7671,female,Georgianna,Bryson,07/05/2020,Economy,F43,2043
71371,LH298,26/01/2020,8128-9597-6173,male,Isaac,Bow,05/01/2020,Economy,A56,2216
37392,LH520,31/03/2020,5892-2507-8935,female,Martie,Helme,22/01/2020,Economy,B36,629
67711,LH472,02/08/2019,1453-7896-6323,female,Cher,Greene,05/07/2019,Economy,C93,1841
22154,LH424,12/03/2020,9622-8960-6156,female,Marilee,Elliot-murray-kynynmound,14/01/2020,Economy,E67,815
74179,LH512,31/03/2020,4230-2396-8689,male,Zebadiah,Blount,26/01/2020,Economy,B19,682
52412,LH360,02/01/2020,3219-4393-3622,male,Meier,Mccloy,13/10/2019,Economy,F69,526
46420,LH273,12/08/2019,4630-1024-6352,female,Elle,Haas,03/07/2019,Economy,C68,1262
54710,LH259,07/06/2020,1864-7743-5776,male,Haley,Whale,18/04/2020,Economy,G92,926
49307,LH190,28/02/2020,1087-9126-0879,female,Maren,Linsey,03/01/2020,Economy,A75,825
95171,LH520,26/10/2019,1100-2396-3433,female,Rhea,Cairney,23/07/2019,Economy,D87,513
103672,LH594,14/09/2019,8243-4069-1169,female,Tisha,Beresford,11/09/2019,Economy,B58,3603
55589,LH173,05/12/2019,4508-0919-9173,female,Deidre,Houlton,25/11/2019,Economy,C45,2985
54327,LH485,20/09/2019,8746-4984-9802,male,Sigfried,Caitlin,13/09/2019,Economy,F55,3221
20616,LH100,16/04/2020,7802-7498-4992,male,Sherman,Blakeley,10/02/2020,Economy,F66,649
46641,LH475,12/12/2019,5873-2981-2494,female,Rubie,Snell,17/11/2019,Economy,E42,1929
96213,LH522,02/08/2020,8840-9894-0265,female,Leesa,Carnon,20/05/2020,Economy,E79,623
17428,LH504,10/09/2019,5559-3947-5082,female,Lise,Perkin,06/07/2019,Economy,H78,660
34423,LH437,20/12/2019,8999-0747-3746,female,Poppy,Koe,09/10/2019,Economy,C47,6820
106059,LH598,22/10/2019,6309-8487-4509,female,Katerine,Duffett,09/09/2019,Economy,A61,1133
100622,LH453,15/10/2019,7742-2199-9285,female,Ginnie,Spurgeon,20/08/2019,Economy,H20,848
64268,LH170,16/12/2019,1092-7153-5471,male,Virgie,Gamble,01/12/2019,Economy,G70,2662
58854,LH271,29/11/2019,6014-2941-8845,female,Klara,Warburton,23/08/2019,Economy,C79,527
85969,LH166,23/07/2020,3143-2460-7375,male,Lazare,Tollison,22/04/2020,Economy,D2,516
83707,LH201,15/01/2020,2018-0826-4181,male,Angelico,Stebbings,24/10/2019,Economy,A21,560
85513,LH480,20/10/2019,1086-7642-7606,male,Cammy,Ogilvie,19/09/2019,Economy,D52,1665
97904,LH449,13/09/2019,7119-6294-8423,male,Stanly,Railton,12/09/2019,Economy,G50,3791
76345,LH272,07/06/2020,7669-2392-2121,female,Natala,Morall,31/05/2020,Economy,F40,3280
31323,LH585,24/02/2020,6300-9985-2371,male,Orin,Mouseley,12/02/2020,Economy,B94,2812
104093,LH582,26/06/2020,4804-1335-3792,female,Babara,Rutter,24/04/2020,Economy,G19,735
72995,LH522,08/07/2020,9991-4365-8860,female,Arda,Wyche,15/04/2020,Economy,E90,585
82181,LH324,01/12/2019,2403-7331-8074,male,Lowell,Waggoners,01/09/2019,Economy,A36,505
56239,LH543,13/04/2020,2286-9108-5814,male,Thibaud,Poppleton,07/04/2020,Economy,F20,3375
37199,LH425,15/04/2020,2976-1018-2913,male,Basil,Rabbitts,16/01/2020,Economy,A1,590
88424,LH105,30/05/2020,6872-6848-0538,female,Karlotta,Harden,20/05/2020,Economy,F83,3008
46617,LH288,09/04/2020,6818-1482-8535,female,Penelopa,Coulton,09/01/2020,Economy,E45,564
105335,LH108,17/06/2020,8161-0966-6473,female,Tybi,Blackwood,30/03/2020,Economy,D88,561
48247,LH325,04/04/2020,1024-4710-2021,female,Vida,Roethke,09/01/2020,Economy,E88,605
100584,LH105,14/08/2019,7162-8044-0652,male,Ronny,Bowler,05/07/2019,Economy,H31,1278
81892,LH570,06/07/2020,6850-0858-6660,male,Gilburt,Conroy,19/05/2020,Economy,A25,1061
70844,LH570,16/12/2019,1061-0386-1966,male,Puff,Cramton,21/11/2019,Economy,E98,1928
39696,LH418,25/07/2020,4204-9635-5193,female,Val,Fenner,22/04/2020,Economy,D9,552
82034,LH137,15/02/2020,7174-3036-8302,female,Binni,Carnan,16/12/2019,Economy,G34,756
96812,LH535,25/01/2020,3484-2200-9652,male,Zak,Lewis,30/11/2019,Economy,E4,880
35572,LH173,04/10/2019,6362-4716-2454,male,Patin,Milroy,08/08/2019,Economy,D43,815
89565,LH507,29/10/2019,2818-4206-5304,male,Ezra,Newenham,03/09/2019,Economy,C70,846
87918,LH288,05/08/2019,5208-2865-9195,male,Garwood,Hall,05/07/2019,Economy,B5,1708
57578,LH460,24/04/2020,2396-4971-7321,female,Raynell,Theaker,29/03/2020,Economy,G87,1880
106596,LH250,18/04/2020,1007-5010-7652,female,Elka,Beman,16/01/2020,Economy,G29,600
34161,LH138,30/12/2019,7037-7296-4469,female,Emmalynn,Powls,10/12/2019,Economy,D92,2297
104370,LH282,06/12/2019,4801-5630-3009,male,Sascha,Erkie,15/11/2019,Economy,H70,2167
108063,LH433,15/06/2020,1030-0072-9034,female,Cathrine,Webster,30/03/2020,Economy,E30,599
65298,LH165,16/01/2020,7102-6891-1718,female,Gunilla,Aulas,10/01/2020,Economy,A3,3391
49804,LH161,21/01/2020,4933-8856-4111,female,Merry,Whittemore,04/11/2019,Economy,C95,615
77467,LH339,17/11/2019,9146-5026-1526,female,Marysa,Slemons,18/09/2019,Economy,F72,764
94217,LH412,24/05/2020,1001-3897-0623,male,Andonis,Cowin,09/05/2020,Economy,F96,2633
20873,LH222,22/09/2019,3619-9175-0470,male,Puff,Agnew,18/08/2019,Economy,F16,1520
57791,LH172,08/09/2019,3194-6066-7503,male,Mohammad,Bartle,22/07/2019,Economy,H19,978
104064,LH120,07/11/2019,1056-8675-8504,female,Lizette,Ramsden,21/09/2019,Economy,A3,1040
47529,LH512,25/09/2019,8503-4478-8277,male,Irvine,Edge,09/08/2019,Economy,F62,1038
11579,LH430,24/02/2020,3250-4279-6418,female,Mommy,Audeley,29/12/2019,Economy,E30,785
21670,LH499,24/02/2020,3565-5891-9149,male,Cleveland,Bolin,22/02/2020,Economy,G38,3747
27896,LH338,18/11/2019,9680-3984-2475,female,Guglielma,Armitage,02/09/2019,Economy,H60,572
18481,LH144,10/06/2020,4461-7161-4889,female,Meghan,Forest,16/04/2020,Economy,G88,874
36327,LH300,22/07/2020,3368-1267-9682,male,Eduard,Hawkins,02/05/2020,Economy,B21,530
98576,LH362,24/09/2019,1347-4234-3584,female,Elenore,Newton,25/07/2019,Economy,E12,748
37702,LH450,09/01/2020,6708-6895-6909,female,Dode,Oversby obersby,14/12/2019,Economy,B42,1958
19966,LH208,25/08/2020,4236-4370-5658,female,Alida,Ray,19/05/2020,Economy,C8,528
26968,LH194,31/12/2019,1423-6378-2647,female,Wally,Goodridge,20/11/2019,Economy,D55,1213
24240,LH411,16/02/2020,8267-9975-2359,female,Lia,Waud,09/11/2019,Economy,D49,579
93859,LH143,11/05/2020,1089-9590-5865,female,Ema,Bassell,18/04/2020,Economy,H9,2068
57653,LH364,31/01/2020,9646-6004-5239,male,Brook,Coupland,03/11/2019,Economy,G92,601
102463,LH318,27/10/2019,2456-4075-4811,male,Edmund,Yewdall,22/10/2019,Economy,B33,3334
41712,LH449,30/06/2020,7653-0076-4009,male,Kris,Lowther,25/05/2020,Economy,H74,1394
19531,LH270,30/01/2020,2781-0881-9172,male,Alford,Oldenburg,05/12/2019,Economy,C20,862
17186,LH566,22/05/2020,8938-1421-2223,female,Trix,Restall,13/02/2020,Economy,H30,563
67676,LH107,16/08/2020,2387-4910-2574,female,Carrie,Fairgray,12/05/2020,Economy,C61,572
109674,LH551,29/06/2020,6102-1143-1910,male,Chev,Mclain,05/04/2020,Economy,C93,562
48771,LH274,18/11/2019,2107-4724-4271,male,Wallis,Dodds,01/11/2019,Economy,D94,2468
23411,LH506,27/04/2020,6254-1760-7274,male,Luigi,Willmott,12/02/2020,Economy,E31,588
101630,LH481,09/12/2019,1982-6287-8806,female,Jobey,Aske,09/12/2019,Economy,C54,3937
90003,LH594,18/01/2020,5718-9147-1698,female,Pier,Kneill,24/12/2019,Economy,F27,1953
41617,LH363,28/04/2020,8385-3332-0927,male,Nevin,Spode,05/04/2020,Economy,H34,2135
43584,LH423,05/10/2019,1778-3075-0954,male,Dimitrios,Wyatville,30/09/2019,Economy,F20,3431
24217,LH367,29/01/2020,2416-0183-5542,male,Lonnie,Batt,23/11/2019,Economy,B80,673
17044,LH466,04/10/2019,2460-5715-8784,female,Loree,Bruce,01/08/2019,Economy,D44,691
54717,LH300,28/06/2020,3316-0416-7170,female,Karisa,Lightbodie,05/04/2020,Economy,F57,566
31351,LH431,09/04/2020,1712-3726-3523,female,Rubie,Crockett,21/01/2020,Economy,C83,561
66404,LH129,05/10/2019,1261-2359-9474,male,Blare,Aldridge,03/10/2019,Economy,C94,3693
79485,LH388,01/01/2020,7488-5168-6263,female,Gunvor,Binyon,15/11/2019,Economy,E54,1004
38398,LH385,26/01/2020,3493-1993-2121,male,Douglis,Burchall,13/12/2019,Economy,E64,1162
59123,LH269,09/04/2020,1095-8084-2189,male,Leland,Rolt,08/01/2020,Economy,H13,590
13429,LH248,19/03/2020,9696-4192-7889,male,Alton,Monkton,27/12/2019,Economy,D2,556
23223,LH249,16/07/2020,3862-0968-7593,male,Angelo,Iveson,16/05/2020,Economy,D42,718
36531,LH320,25/06/2020,5398-6900-6548,female,Corry,Maddox,12/05/2020,Economy,F33,1152
23555,LH103,15/12/2019,8905-4658-5098,male,Felice,Gown,18/09/2019,Economy,F0,521
97618,LH155,11/07/2020,1006-8994-6194,female,Yalonda,Aldgate,09/04/2020,Economy,G79,538
54371,LH161,29/03/2020,3936-6413-9195,female,Leeanne,Oversby obersby or hubbersby,03/01/2020,Economy,B9,567
11331,LH246,15/06/2020,8727-5862-2486,male,Garey,Mellody,20/03/2020,Economy,A10,580
45321,LH414,29/05/2020,3178-4068-4690,male,Ace,Mells,22/04/2020,Economy,C11,1351
109219,LH163,19/11/2019,4622-4057-0328,male,Yard,Wingate,23/08/2019,Economy,E37,565
66675,LH164,03/01/2020,7779-8953-9503,male,Cass,Cabaniss,30/12/2019,Economy,D81,3543
107245,LH269,27/05/2020,3923-1244-8001,male,Walker,Dow,21/04/2020,Economy,A55,1472
91017,LH481,09/02/2020,6903-3869-4636,female,Colly,Pearson?,01/02/2020,Economy,H36,3157
67525,LH594,08/10/2019,2687-7551-2940,female,Erna,Chetwynd,27/07/2019,Economy,A3,641
40506,LH130,21/01/2020,4739-0240-4825,male,Rudie,Hartwell,31/10/2019,Economy,G99,599
47232,LH464,01/07/2020,9367-1777-1108,female,Darelle,Corton,08/05/2020,Economy,G15,893
14453,LH366,28/07/2019,9399-0715-8746,female,Delly,Carlton,21/07/2019,Economy,D56,3272
13306,LH201,26/09/2019,3826-8523-7704,female,Sofia,Witton,31/07/2019,Economy,H78,806
58325,LH278,21/11/2019,9670-5460-4967,male,Cammy,Eltham,04/10/2019,Economy,G99,956
108584,LH480,26/05/2020,3396-2831-3999,male,Nils,Socket,10/03/2020,Economy,H17,545
106217,LH188,26/08/2019,8088-4719-9574,male,Everard,Somerford,19/07/2019,Economy,F67,1324
88001,LH325,03/05/2020,4554-9723-4619,male,Aleks,Diamond,25/01/2020,Economy,A10,541
10863,LH288,17/07/2020,2392-8236-9828,female,Debor,Normandy,30/05/2020,Economy,D97,1006
58398,LH376,07/06/2020,3617-9458-6636,female,Atlante,Paddon,01/04/2020,Economy,C7,660
21140,LH142,20/04/2020,6640-3757-1254,female,Claudia,Clossom,02/03/2020,Economy,D57,1046
57754,LH315,02/08/2020,1055-2176-8003,male,Marten,Nordass,26/04/2020,Economy,A53,572
63857,LH524,04/10/2019,1038-7694-9827,female,Sophi,Read,14/09/2019,Economy,F56,2275
69050,LH107,19/02/2020,5844-6486-2197,female,Sharra,Mckie,12/11/2019,Economy,C99,554
32458,LH578,06/11/2019,1081-3520-9588,male,Sherwynd,Lewis,15/09/2019,Economy,C4,909
108868,LH596,11/11/2019,7851-5261-1204,female,Christyna,Keith,25/08/2019,Economy,G60,546
41024,LH143,15/06/2020,2564-2977-9173,female,Blanche,Scrivens,04/04/2020,Economy,B53,674
68570,LH477,13/04/2020,1034-3847-6398,male,Weider,Ewan,10/04/2020,Economy,A65,3622
27869,LH521,16/03/2020,9975-9220-9155,male,Ibrahim,Pearson?,03/03/2020,Economy,A53,2812
61136,LH419,23/06/2020,6341-3154-2753,female,Collete,Smythe,20/04/2020,Economy,E19,710
93765,LH577,19/03/2020,1265-0582-4573,male,Bart,Clifton,13/12/2019,Economy,B60,558
84640,LH236,12/08/2019,5490-1266-7193,male,Mugsy,Mclaws,08/08/2019,Economy,B0,3535
58389,LH582,05/02/2020,8954-7559-3035,male,Oran,Norrie,01/02/2020,Economy,B59,3554
28112,LH446,03/02/2020,1052-7281-8684,male,Sully,De umfreville,15/01/2020,Economy,D75,2314
65496,LH562,13/11/2019,8852-7864-2121,male,Ty,Keeney,13/08/2019,Economy,H72,532
81791,LH500,31/08/2019,9031-5784-9602,male,Connor,Atwater,17/08/2019,Economy,H32,2677
18781,LH543,26/06/2020,4251-3770-9122,male,Caldwell,March,27/03/2020,Economy,B4,506
82330,LH297,03/12/2019,3383-5803-2209,female,JoAnne,Tureman,03/10/2019,Economy,A32,766
53167,LH273,13/05/2020,4735-9208-6550,male,Stefan,Jubb,11/05/2020,Economy,G1,3713
102636,LH147,17/01/2020,7982-5249-7028,female,Myrlene,Gatien,03/12/2019,Economy,E75,1115
67959,LH146,25/11/2019,8413-8984-0527,male,Norton,Rudd,22/10/2019,Economy,B47,1501
55343,LH318,23/09/2019,1079-0015-8200,male,Barnard,Coar,07/08/2019,Economy,B36,1010
22569,LH360,01/03/2020,9410-8641-7901,female,Babara,Hullson,05/12/2019,Economy,B18,511
15576,LH454,21/03/2020,1076-3308-8658,male,Marcello,Parkins,20/03/2020,Economy,A9,3844
11635,LH316,28/12/2019,4576-3837-3769,female,Giovanna,Trefusis,24/09/2019,Economy,D11,565
97166,LH429,07/06/2020,1968-3287-2330,male,Tan,Tinland,28/04/2020,Economy,D16,1304
45784,LH163,13/03/2020,3989-0247-8688,male,Silvester,Moxham,10/02/2020,Economy,G27,1632
47053,LH598,22/08/2019,9149-1414-8126,male,Jackson,Mohr,11/08/2019,Economy,B11,2911
31426,LH139,07/05/2020,1018-6070-5189,female,Barbara-Anne,Broughton,07/05/2020,Economy,E87,3961
48924,LH517,13/11/2019,5808-5679-5926,male,Cole,James or jones,28/08/2019,Economy,E72,576
89856,LH319,13/03/2020,3486-5228-6511,male,Godard,Methven,19/02/2020,Economy,C53,2074
15964,LH305,27/10/2019,9562-6451-7627,male,Sherwood,Proudfoot,28/07/2019,Economy,H63,570
57035,LH590,25/12/2019,7303-8598-1685,male,Lonnie,Moss,22/09/2019,Economy,H69,516
52691,LH536,10/08/2019,5359-8995-6816,male,Ismail,Vine-hall,12/07/2019,Economy,B96,1740
97429,LH552,26/12/2019,2506-2428-8566,female,Marj,Berriman,06/11/2019,Economy,D88,949
78555,LH303,18/02/2020,5903-6666-1459,male,Efram,Botts,27/01/2020,Economy,F36,2108
94603,LH208,15/01/2020,2895-3921-7685,female,Donny,Baskeyfield,08/12/2019,Economy,A57,1325
32121,LH436,05/08/2020,1397-7222-7901,male,Alden,Keel,07/05/2020,Economy,G45,514
55808,LH158,02/04/2020,5753-2068-6374,female,Donnajean,Greave,11/03/2020,Economy,D67,2125
96509,LH569,12/06/2020,4454-3931-0418,male,Huey,Stork,03/05/2020,Economy,D56,1240
91419,LH461,19/08/2020,8271-8415-7106,male,Odin,Lennox,21/05/2020,Economy,D57,524
19663,LH219,27/07/2020,6991-2465-0268,male,Jeb,Milliner,19/05/2020,Economy,C66,627
39261,LH294,07/03/2020,1099-6304-5897,male,Chevalier,Pettitt,16/12/2019,Economy,G24,594
109844,LH317,09/01/2020,1373-3282-4569,male,Lenny,Leutner,19/11/2019,Economy,B17,917
27182,LH199,27/10/2019,1139-9046-1500,female,Ashlie,Hodgeson,14/09/2019,Economy,D82,1127
15517,LH207,27/03/2020,5911-9678-3781,female,Damaris,Mytton,28/02/2020,Economy,B21,1800
27168,LH179,17/03/2020,2434-3881-6004,male,Mace,Torr,19/01/2020,Economy,H80,766
38536,LH545,01/07/2020,4374-8361-8376,male,Meryl,Hardbattle,15/04/2020,Economy,B5,572
39368,LH318,17/04/2020,7464-2886-6581,male,Ellsworth,Biddle,01/02/2020,Economy,E96,586
40116,LH469,02/01/2020,5903-0958-5671,female,Freddie,Upshaw,17/11/2019,Economy,B86,1102
58692,LH557,16/03/2020,9271-2297-3197,male,Courtney,Webber,03/03/2020,Economy,C53,2820
54897,LH262,24/10/2019,5190-2153-6273,male,Emmery,Roberts,18/08/2019,Economy,H41,645
75448,LH362,21/03/2020,2942-3746-9554,female,Delphine,Pearson,27/12/2019,Economy,G92,518
109233,LH303,08/07/2019,6337-1842-9958,female,Aloysia,Waggoners,04/07/2019,Economy,B81,3502
106388,LH216,18/11/2019,4835-5867-7249,male,Win,Queem,03/10/2019,Economy,A29,1055
48558,LH108,04/03/2020,6294-9150-7182,female,Aida,Chetwynd,17/02/2020,Economy,F44,2522
51185,LH196,20/11/2019,6909-7455-5102,male,Shawn,Trotter,08/09/2019,Economy,A64,585
87011,LH392,23/06/2020,3610-1190-9215,female,Jocelyne,Mba,27/05/2020,Economy,E51,1873
16372,LH438,13/09/2019,4544-2715-0202,male,Edgardo,Berkley,01/09/2019,Economy,D4,2841
27781,LH470,15/11/2019,1967-7400-6486,male,Dillon,Bramwell,14/08/2019,Economy,C83,536
17895,LH553,04/05/2020,5184-9875-1276,male,Amadeus,Boiles,11/02/2020,Economy,B84,545
73824,LH218,31/01/2020,8793-4562-7658,male,Bearnard,Pauley,04/11/2019,Economy,F25,531
50621,LH237,10/10/2019,1065-4332-5844,female,Ralina,Curson,22/08/2019,Economy,G58,989
10996,LH460,01/06/2020,1055-6651-6024,male,Shalom,Staines,14/05/2020,Economy,A64,2377
13434,LH551,13/02/2020,9820-2117-4243,male,Han,Rintoul,01/01/2020,Economy,H65,1225
36419,LH301,18/05/2020,4458-3145-8534,female,Channa,Willcock,17/05/2020,Economy,F32,3803
108009,LH109,12/04/2020,8225-5132-2974,female,Gwennie,Sevil,07/01/2020,Economy,H22,585
51326,LH246,10/08/2019,4720-5720-8402,female,Olva,O'meara,29/07/2019,Economy,G59,2818
13707,LH266,18/05/2020,3718-0596-2199,male,Piet,Edmondson,18/05/2020,Economy,D67,3962
78753,LH546,13/09/2019,2237-5618-4861,female,La,Simcock,05/09/2019,Economy,H34,3187
13507,LH136,15/07/2020,7286-6283-4608,male,Haley,Palliser,08/05/2020,Economy,E90,706
20559,LH456,16/11/2019,2676-3636-5354,female,Etheline,Lavender,21/10/2019,Economy,C5,1898
36897,LH446,22/10/2019,6186-8214-4105,male,Gerrard,Hostombe,03/09/2019,Economy,C87,1006
103677,LH446,16/02/2020,1005-8104-2509,male,Gearard,Grimmett,09/01/2020,Economy,A24,1361
58869,LH542,15/05/2020,9926-7304-2003,male,Sumner,Heaton,07/03/2020,Economy,H40,654
101438,LH126,17/04/2020,1792-9100-0624,male,Jonny,Abt ,23/02/2020,Economy,G57,850
81789,LH390,06/01/2020,1139-0467-3147,female,Lenore,Bellard,14/10/2019,Economy,D26,546
25054,LH451,26/01/2020,2165-8727-0404,female,Rissa,Livingstone,11/01/2020,Economy,H22,2658
34290,LH478,29/05/2020,8751-1892-4605,female,Alex,Peerless,06/03/2020,Economy,H31,572
64902,LH523,27/04/2020,8238-1748-0090,female,Cassey,Topham,14/04/2020,Economy,G81,2802
33304,LH413,07/09/2019,3024-1396-8871,female,Carmelle,Bradley,11/07/2019,Economy,D29,832
67685,LH113,28/02/2020,9313-8083-0543,male,Reggis,Embury,15/12/2019,Economy,A40,647
88280,LH324,23/04/2020,6618-3904-8371,female,Portia,Gronert,06/04/2020,Economy,E38,2473
85788,LH421,28/08/2019,6761-5172-4038,female,Codi,Courtice,15/07/2019,Economy,A49,1093
30490,LH587,27/11/2019,8008-3539-6518,male,Oren,Bardesley,30/08/2019,Economy,F2,530
78665,LH383,24/02/2020,4711-2412-8018,male,Sibyl,Handring,18/12/2019,Economy,A35,668
48232,LH435,08/11/2019,9606-0849-9405,male,Ravil,Ingles,08/09/2019,Economy,C80,720
68869,LH158,18/11/2019,5342-3771-4417,male,Vance,Donohoe,14/10/2019,Economy,H59,1451
78401,LH172,16/10/2019,7336-6231-8884,male,Pace,Janes,11/08/2019,Economy,G7,683
20331,LH203,05/04/2020,6524-9407-5243,female,Petrina,Cunliffe,11/01/2020,Economy,H94,550
108149,LH369,03/05/2020,3384-8659-4028,male,Theobald,Deane,02/05/2020,Economy,A74,3860
17068,LH511,02/02/2020,3881-8211-0440,female,Del,Hinde,12/01/2020,Economy,B0,2180
83207,LH291,11/11/2019,9475-6336-5267,male,Palmer,Ward,16/08/2019,Economy,A20,596
35470,LH176,20/03/2020,9095-5862-4825,male,Nico,Jerrett,09/03/2020,Economy,C53,2919
81355,LH597,12/10/2019,9547-3704-0592,male,Zerk,Bolton,15/07/2019,Economy,D5,523
72078,LH484,03/09/2019,9263-3477-9049,male,Eugen,Wordsworth,27/07/2019,Economy,F66,1335
108014,LH202,17/12/2019,4085-6868-6575,female,Shea,Sherem,12/12/2019,Economy,B77,3457
19977,LH299,27/11/2019,3921-0285-6094,male,Apostolos,Rouse,21/08/2019,Economy,C11,599
24301,LH221,22/01/2020,3845-7747-6830,male,Skell,Ashby,09/12/2019,Economy,C48,1154
83768,LH377,02/01/2020,1089-7901-8749,female,Fey,Askew,20/10/2019,Economy,G18,599
73334,LH351,21/03/2020,1049-2820-6901,male,Rolland,Yarker,26/01/2020,Economy,G43,846
72074,LH545,29/10/2019,1035-4343-1900,male,Demetre,Wortham,23/07/2019,Economy,H17,581
93515,LH302,28/06/2020,2058-6549-7050,male,Eugen,Tompkins,27/04/2020,Economy,A17,781
23094,LH152,06/05/2020,4010-7927-3467,female,Vivyanne,Mcgehee,25/04/2020,Economy,A12,2938
37924,LH366,15/12/2019,8246-4006-3848,female,Constantina,Dickens,08/10/2019,Economy,A80,692
18012,LH226,31/10/2019,1004-9680-5088,male,Octavius,Gayton,19/09/2019,Economy,C23,1211
30472,LH593,03/06/2020,1826-4135-2500,male,Dabney,Teale,28/03/2020,Economy,E34,646
104806,LH459,22/05/2020,4141-2587-5150,male,Mayor,Feirer,09/04/2020,Economy,B86,1149
57590,LH555,13/04/2020,1202-9722-4194,female,Joanna,Tinland,13/01/2020,Economy,E15,541
20943,LH213,12/06/2020,7505-7613-3598,male,Holly,Boys,09/05/2020,Economy,C83,1522
109794,LH516,23/04/2020,1267-6165-6664,female,Brear,Baigeant,05/02/2020,Economy,B10,573
51772,LH405,06/10/2019,7698-2726-2654,female,Velma,Wass,27/08/2019,Economy,B7,1231
25836,LH352,04/02/2020,1062-8259-4228,female,Jeralee,Bowness,03/02/2020,Economy,G39,3864
23469,LH317,12/09/2019,6193-4074-5747,male,Nico,Riddoch,02/07/2019,Economy,E65,619
66179,LH573,12/11/2019,8315-0539-6830,female,Camille,Holdroyd,26/10/2019,Economy,A77,2430
103590,LH107,23/05/2020,3699-0419-1200,male,Samuel,Sevil,07/05/2020,Economy,F91,2546
75269,LH174,01/08/2020,1261-9178-0549,male,Lawerence,Sadlier,01/05/2020,Economy,H47,589
105464,LH342,14/04/2020,6232-8707-7851,male,Tybalt,Gibbon,22/03/2020,Economy,C35,2064
61441,LH209,25/10/2019,4666-5720-6001,male,Burgess,Laroche,25/07/2019,Economy,G41,527
26432,LH402,20/01/2020,6331-9769-9353,male,Bernardo,Brimelow,15/11/2019,Economy,E42,695
97980,LH145,08/10/2019,3920-0180-3977,female,Margie,Cogguns,17/08/2019,Economy,F41,878
107860,LH474,31/10/2019,8126-2536-4541,male,Westbrook,Dennis,02/10/2019,Economy,H97,1730
13198,LH236,14/06/2020,1590-8325-1158,male,Harold,Fox,13/03/2020,Economy,G0,533
23764,LH298,02/05/2020,8233-7296-0727,female,Sharla,Caton,30/03/2020,Economy,C1,1552
107631,LH392,27/04/2020,1981-9625-1317,male,Marcellus,Read,09/02/2020,Economy,D97,616
65204,LH206,01/10/2019,5354-8544-6234,male,Esteban,Duce,08/09/2019,Economy,C90,2088
94137,LH270,07/03/2020,4506-4522-6372,female,Kathryne,Cranstone,14/02/2020,Economy,F61,2199
65949,LH171,09/05/2020,2383-0464-3340,male,Griffith,Redmond,27/02/2020,Economy,F3,633
92163,LH396,04/05/2020,6183-9607-8275,female,Thalia,Hownam,04/05/2020,Economy,C41,3928
35045,LH234,19/01/2020,9860-1478-4722,male,Felicio,Heseldine,14/01/2020,Economy,H75,3444
60443,LH207,05/03/2020,5585-1298-1486,female,Glad,De blaquiere,21/12/2019,Economy,D55,601
46650,LH575,21/02/2020,1714-2176-8640,male,Granville,Martinson,05/01/2020,Economy,A54,1022
29189,LH157,04/10/2019,5811-3806-1628,male,Maximilian,Sommerville,08/09/2019,Economy,G38,1919
66292,LH227,20/10/2019,4307-1270-4954,male,Antone,Dickens,12/10/2019,Economy,H56,3145
91760,LH516,18/08/2020,5965-0894-4034,female,Milicent,Scrivener,14/05/2020,Economy,C40,546
86265,LH519,04/02/2020,1050-2829-4212,male,Noam,Bodily,27/01/2020,Economy,A77,3207
70646,LH146,19/08/2019,2379-4382-4785,female,Ronni,Everest,06/07/2019,Economy,G17,1165
104690,LH100,22/12/2019,5723-5656-6233,male,Raleigh,Ingersoll,04/12/2019,Economy,F92,2456
100889,LH103,11/04/2020,2043-4331-6538,female,Glennis,Fleetwood,10/03/2020,Economy,G20,1574
41646,LH459,03/08/2020,4980-2659-1528,female,Didi,Zissem,07/05/2020,Economy,D93,533
18998,LH104,01/02/2020,4010-4206-0201,female,Jean,Spurr,24/01/2020,Economy,A32,3198
24639,LH446,29/01/2020,2495-0761-7790,male,Tome,Dufour,02/11/2019,Economy,G42,538
90795,LH491,18/04/2020,9653-6154-5846,female,Joyann,Lowe,05/03/2020,Economy,F47,1161
26450,LH545,05/04/2020,9314-2503-5965,male,Konstantin,Fergie,01/02/2020,Economy,B91,754
91040,LH373,04/03/2020,4756-6397-1612,male,Matty,Willcock,23/02/2020,Economy,C13,3007
10178,LH111,14/01/2020,2218-4258-9047,female,Nettle,Kinney,15/11/2019,Economy,B93,727
105256,LH387,08/01/2020,1043-7554-7494,female,Crysta,Welch,10/10/2019,Economy,A75,595
49817,LH199,12/03/2020,8098-9949-0078,female,Tabatha,Fyle,05/03/2020,Economy,E17,3282
94504,LH404,27/03/2020,9710-7155-5878,female,Gennifer,Vaill,09/01/2020,Economy,E91,597
95987,LH593,25/04/2020,8577-6590-9871,male,Sherman,Mclearey,06/04/2020,Economy,C4,2352
68912,LH249,17/02/2020,2503-2144-8607,female,Merrielle,Leake,11/12/2019,Economy,H37,685
39400,LH221,04/11/2019,8153-1212-0086,male,Sheridan,Pepys,20/08/2019,Economy,E87,590
47155,LH502,31/10/2019,5280-8791-7565,female,Priscella,Holcroft,01/10/2019,Economy,F7,1706
66806,LH578,13/12/2019,5416-0590-0454,male,Seymour,Hoomes,26/10/2019,Economy,G9,980
82414,LH351,11/01/2020,4960-5736-0631,female,Cary,Verney,09/10/2019,Economy,H0,581
11169,LH221,27/12/2019,1356-4779-5013,male,Brock,Oastler,25/12/2019,Economy,C2,3707
60790,LH263,15/12/2019,1633-4027-7250,female,Rowe,Fitzpatrick,27/10/2019,Economy,A93,926
33305,LH162,20/03/2020,1514-7122-6154,male,Martino,Keswick,21/12/2019,Economy,E40,534
89462,LH464,25/06/2020,9270-4025-6935,female,Tamera,Steeple,10/04/2020,Economy,F51,609
67032,LH125,07/12/2019,8682-0487-4625,female,Sari,Sellers,08/10/2019,Economy,C26,764
44447,LH554,23/04/2020,1005-7828-5055,female,Joelle,Gollan,15/01/2020,Economy,E44,551
42765,LH469,04/06/2020,2461-3778-0765,male,Cass,Farran,18/05/2020,Economy,G60,2521
67433,LH234,08/01/2020,6600-5946-0605,female,Melisandra,Ball,04/11/2019,Economy,D5,698
75137,LH143,24/04/2020,9359-6103-8413,female,Tiertza,Severs,21/03/2020,Economy,C5,1493
42169,LH479,31/12/2019,2786-0444-3146,male,Gabe,Agnew,28/09/2019,Economy,C77,506
60186,LH398,30/08/2019,5636-1783-8165,female,Brear,Middleton,13/07/2019,Economy,B94,1071
104815,LH426,17/02/2020,3495-4324-0369,male,Filmore,Layfield,15/11/2019,Economy,A98,503
60797,LH394,24/04/2020,4137-4600-7608,male,Clemmie,Houndsome,20/03/2020,Economy,E70,1457
74902,LH204,28/09/2019,3243-6962-1518,female,Maggi,Windham,13/08/2019,Economy,E82,1121
97033,LH296,23/01/2020,7072-2193-6388,male,Muffin,Mclain,28/10/2019,Economy,D60,522
87703,LH289,21/05/2020,1038-0104-1251,female,Dale,Houndsome,14/05/2020,Economy,G62,3238
29842,LH552,03/05/2020,1004-7849-2273,female,Inge,Babbett,21/04/2020,Economy,G90,2838
29765,LH204,27/03/2020,8537-5343-5230,female,Laryssa,Mounteer,01/02/2020,Economy,C19,884
84546,LH510,06/06/2020,1711-4320-9035,male,Friedrick,Simcock,16/05/2020,Economy,A50,2182
69192,LH347,11/09/2019,5947-9516-3454,female,Tiffy,Pennell,23/08/2019,Economy,F84,2299
77819,LH298,24/07/2019,2161-8271-2337,male,Siegfried,Aitkin,18/07/2019,Economy,D8,3389
54306,LH258,21/03/2020,7554-6932-1406,male,Perceval,Erwin,27/01/2020,Economy,H13,864
62510,LH523,04/11/2019,1046-7057-6587,female,Stace,Alley,09/10/2019,Economy,A39,1845
47235,LH469,25/05/2020,1010-6096-0327,female,Regina,Eden,09/04/2020,Economy,A95,1087
95825,LH140,25/03/2020,5141-0337-9805,female,Kathleen,Griffiths,14/02/2020,Economy,E3,1236
38669,LH540,18/01/2020,2678-3065-6986,female,Faustine,Terry-lewis,03/11/2019,Economy,G87,627
19681,LH225,31/03/2020,1258-3883-4404,male,Averil,Maddox,17/03/2020,Economy,C8,2675
77126,LH552,05/07/2020,4132-6367-0240,male,Lou,Leigh,06/04/2020,Economy,F24,577
20419,LH156,04/07/2020,5387-6495-0155,male,Rudolph,Trudelle,27/05/2020,Economy,H51,1328
80012,LH427,29/09/2019,8637-6006-6239,female,Abigail,Somerford,19/08/2019,Economy,G58,1282
69223,LH413,20/12/2019,7808-7695-6680,female,Ondrea,Letham,02/10/2019,Economy,E15,609
20522,LH279,23/07/2020,7083-4333-2505,female,Madeleine,Keating,18/04/2020,Economy,G35,518
40590,LH269,12/02/2020,6373-2796-2367,male,Constantine,Moffett,07/01/2020,Economy,A23,1484
102266,LH188,09/01/2020,9928-9243-7270,male,Thebault,Mcgregor,21/10/2019,Economy,D31,583
36634,LH507,25/06/2020,6384-9122-4322,female,Bellina,Firth,29/04/2020,Economy,F51,774
13589,LH508,08/06/2020,1086-0344-0173,male,Webb,Cocciardi,25/03/2020,Economy,B33,583
54978,LH502,06/10/2019,1084-3807-9834,female,Jonell,Parkins,30/09/2019,Economy,B78,3306
71057,LH494,20/03/2020,6594-3065-1879,female,Bryana,Frederick,16/01/2020,Economy,F21,665
18099,LH338,07/03/2020,1086-6221-8065,male,Warren,Ruddle,28/01/2020,Economy,H92,1278
83606,LH562,13/07/2020,3734-6678-8806,female,Rebekkah,Blackily,21/05/2020,Economy,A7,918
63535,LH377,19/06/2020,7033-2725-4157,male,Jody,Grimmett,23/05/2020,Economy,D13,1896
14627,LH262,15/05/2020,5500-9641-4682,female,Marjy,Barrett-lennard,29/04/2020,Economy,F80,2580
76459,LH141,06/11/2019,5935-2955-5699,male,Brendan,Dyneley,09/08/2019,Economy,G64,539
97860,LH516,28/03/2020,9622-2168-1159,male,Orlando,Mcwhorter,23/12/2019,Economy,F63,527
41506,LH165,14/09/2019,9128-4669-0703,female,Evelyn,Wigglesworth,02/08/2019,Economy,E46,1154
74857,LH559,16/03/2020,2290-1664-5350,female,Flo,Hurt,27/02/2020,Economy,F57,2403
77724,LH507,21/10/2019,1574-3736-6604,female,Gay,Larnach-nevill,30/09/2019,Economy,D33,2241
71267,LH421,17/03/2020,2085-2595-7150,female,Hatti,Neilson-terry,20/02/2020,Economy,A36,1936
59541,LH412,02/01/2020,2218-4789-5611,male,Dickie,O'connor,21/12/2019,Economy,G62,2891
22684,LH427,21/11/2019,6285-8698-9829,male,Osbourn,Calhoun,22/08/2019,Economy,G51,559
11049,LH240,24/10/2019,2553-0326-2719,male,Hewet,Overton,23/08/2019,Economy,B61,725
73744,LH439,13/02/2020,8808-2323-0599,female,Carlisle,Philips,12/02/2020,Economy,C17,3787
59644,LH527,30/06/2020,7291-3417-0050,female,Louisa,Helliwell,03/04/2020,Economy,F83,600
105514,LH145,29/03/2020,6571-9384-8820,female,Dareen,Sybil,22/12/2019,Economy,C34,505
84881,LH319,15/03/2020,9231-0010-4439,male,Sigfrid,Tollison,15/02/2020,Economy,B31,1767
44521,LH449,23/10/2019,7685-7052-7231,male,Henrique,Yeomans,18/07/2019,Economy,B18,536
26606,LH319,18/05/2020,2500-5042-4855,female,Vanna,Haining,28/02/2020,Economy,C58,579
86873,LH258,21/11/2019,1016-3982-2242,female,Robina,Burchell,25/10/2019,Economy,F53,1790
18713,LH226,30/12/2019,8262-1156-6788,female,Dominique,Sommerville,13/11/2019,Economy,E52,1032
47723,LH226,08/02/2020,4747-2269-2370,female,Robinia,Greenor,22/11/2019,Economy,A48,626
26421,LH348,28/10/2019,5838-2240-4613,male,Nat,Senthouse,27/08/2019,Economy,A43,761
78480,LH488,19/11/2019,8005-6190-4982,male,Bartlett,Ross,05/09/2019,Economy,C2,617
101944,LH568,09/10/2019,3650-9820-7590,female,Norma,Edwards,19/07/2019,Economy,B34,587
109644,LH291,27/07/2020,7315-0455-4529,male,Kip,Vinicomb,21/04/2020,Economy,F75,554
27492,LH202,15/10/2019,2480-7810-6355,female,Cam,Burdett,25/09/2019,Economy,H76,2285
80423,LH598,11/05/2020,3556-1185-6906,male,Rik,Coleman,05/03/2020,Economy,E87,637
11558,LH433,23/08/2019,4514-5700-5575,female,Alejandra,Studdert,07/07/2019,Economy,E85,1102
91123,LH510,14/06/2020,2012-8710-9246,female,Ofelia,Woodford,11/03/2020,Economy,C50,529
28807,LH253,24/08/2019,7402-2745-6743,female,Kathie,Fazel,12/08/2019,Economy,G16,2878
17770,LH483,12/11/2019,9362-2144-2539,male,Iago,Laughton,30/10/2019,Economy,B87,2746
53453,LH158,23/11/2019,7099-5530-7216,male,Hilary,Earsome,17/09/2019,Economy,B50,635
30571,LH433,25/08/2019,1094-5740-4608,male,Skippy,Sevill,09/07/2019,Economy,F1,1049
101722,LH537,19/05/2020,6862-0433-9682,male,Rad,Stalker,17/02/2020,Economy,G26,592
55241,LH476,23/11/2019,3060-4168-5666,male,Ev,Bulkeley,07/10/2019,Economy,D55,1013
72004,LH237,20/11/2019,1296-9646-9489,female,Harmony,Auger,11/09/2019,Economy,C66,586
16806,LH565,08/01/2020,1135-7556-4836,female,Annamaria,Hogley,12/11/2019,Economy,G28,791
101674,LH460,27/01/2020,1013-8168-2459,male,Lem,Haddock,21/01/2020,Economy,G96,3326
88704,LH506,21/05/2020,1031-2875-1737,male,Neddy,Thomson,17/02/2020,Economy,F65,536
68886,LH424,26/03/2020,1751-8107-9491,male,Hermann,Kendell,19/02/2020,Economy,G64,1437
71114,LH370,30/09/2019,1077-8651-7926,female,Fanchette,Harbord,07/08/2019,Economy,C8,912
58427,LH450,23/05/2020,7496-2720-6924,female,Silvia,Nield,20/05/2020,Economy,D59,3653
26770,LH225,20/03/2020,6312-6173-6044,male,Templeton,Lagdon,25/02/2020,Economy,H70,2028
106452,LH127,15/09/2019,6805-6506-4403,female,Elle,Stribling,19/07/2019,Economy,H27,812
80485,LH378,08/01/2020,1041-6796-2120,female,Jeniece,Golborne,06/10/2019,Economy,H75,532
101197,LH103,06/09/2019,2866-6778-1596,male,Skipper,Abson,13/07/2019,Economy,F41,876
54479,LH288,29/05/2020,4338-8604-2201,female,Maryangelyn,Thornborough,24/02/2020,Economy,F55,597
16495,LH106,09/05/2020,2687-0690-9596,female,Ami,Heigie,27/02/2020,Economy,G41,643
64342,LH208,15/03/2020,5931-2349-6247,male,Gaven,Bolton,09/02/2020,Economy,H23,1474
78683,LH348,16/08/2020,1088-2577-9150,male,Jorge,Withers,13/05/2020,Economy,A51,518
102213,LH263,06/03/2020,1071-0206-6135,female,Ulrika,Crafton,05/03/2020,Economy,C27,3787
49112,LH534,10/09/2019,1083-5625-0509,female,Melisse,Slipper,09/09/2019,Economy,H97,3802
66811,LH405,24/02/2020,5574-4985-7054,female,Rosalyn,Vernon,22/12/2019,Economy,F63,674
56813,LH181,29/05/2020,8481-3188-6305,female,Rhody,Hendrickson,17/04/2020,Economy,F13,1242
44211,LH446,06/09/2020,9417-3081-6414,female,Cherianne,Hazelhurst,31/05/2020,Economy,C89,571
36420,LH377,20/01/2020,3231-1353-9343,female,Gina,Colman,22/12/2019,Economy,B14,1771
58153,LH127,21/06/2020,1969-6952-7679,female,Allys,Kyle,04/04/2020,Economy,E44,607
105430,LH315,23/04/2020,5926-7343-7987,female,Maurene,Bate,27/03/2020,Economy,G89,1871
17617,LH153,29/07/2020,7456-2185-4218,male,Buck,Mountbatten,03/05/2020,Economy,B86,596
26157,LH380,17/02/2020,4892-2842-6317,male,Gershom,Gylden,10/12/2019,Economy,C63,675
24897,LH207,04/10/2019,2741-2290-5399,male,Woody,Duver,03/10/2019,Economy,D22,3852
101593,LH287,08/03/2020,2263-9413-2043,male,Tony,Docker,05/03/2020,Economy,A15,3623
44197,LH559,24/05/2020,8265-4472-3724,male,Ford,Lickfold,22/02/2020,Economy,F3,567
72500,LH203,20/04/2020,4492-6479-1532,female,Kiersten,Rockley,26/03/2020,Economy,F54,2016
101615,LH195,17/11/2019,5422-7354-3722,male,Englebert,Leppington,29/09/2019,Economy,B8,1006
16360,LH442,28/09/2019,6450-7741-6701,male,Bernd,Haywood,17/07/2019,Economy,C53,651
46477,LH347,15/03/2020,1721-8097-2556,male,Art,Orr,17/02/2020,Economy,C31,1888
85750,LH502,07/04/2020,9782-1120-6360,male,Roddy,Wingrove,30/01/2020,Economy,H94,639
69885,LH208,06/03/2020,2229-7888-5759,female,Ingeborg,Drax,05/03/2020,Economy,G73,3846
27317,LH251,28/04/2020,1018-2849-6697,male,Diego,Powls,21/02/2020,Economy,A93,639
18814,LH522,26/11/2019,6449-8287-3937,male,Ellis,Herron,26/11/2019,Economy,D27,3930
49960,LH237,02/10/2019,7410-6627-1380,female,Melessa,Hanchet,19/07/2019,Economy,E11,598
74082,LH286,05/11/2019,1024-2534-8418,female,Berny,E,05/08/2019,Economy,E29,566
47091,LH302,30/04/2020,4817-1228-5829,female,Miran,Mcdougal,15/04/2020,Economy,C78,2659
79887,LH353,17/08/2020,3036-2502-9083,male,Jodi,Ellan,13/05/2020,Economy,H32,596
76848,LH588,07/02/2020,6962-2031-5034,female,Dorian,Cooper,16/11/2019,Economy,D99,530
56497,LH419,13/08/2020,5010-2043-4287,female,Rosalie,Goodall,29/05/2020,Economy,F66,639
94771,LH330,21/01/2020,1180-8358-2491,female,Shaina,Smith?,07/11/2019,Economy,E65,618
106434,LH260,28/01/2020,9033-7960-5628,male,Perceval,Jubb or judd,27/11/2019,Economy,C45,749
28173,LH384,15/03/2020,3041-2790-3373,male,Nevil,Geldard,06/03/2020,Economy,G54,3094
29043,LH221,30/01/2020,8713-9710-4525,female,Pier,Thirnbeck,27/11/2019,Economy,G47,665
94544,LH487,03/12/2019,5027-1575-1717,female,Mitra,Rushing,25/10/2019,Economy,A42,1315
61829,LH113,27/09/2019,6648-0247-5379,female,Freddi,Mclaren,11/08/2019,Economy,E99,1049
26158,LH261,13/02/2020,7630-6107-1904,male,Nelsen,Packard,06/02/2020,Economy,C16,3294
69254,LH479,04/12/2019,6618-0737-1872,female,Alli,Alveston,01/10/2019,Economy,H56,739
19047,LH350,10/12/2019,3076-7078-2388,female,Helaina,Brackenbury,10/12/2019,Economy,F17,3876
80574,LH388,06/08/2020,8184-9796-7209,female,Elli,Massengill,02/06/2020,Economy,A58,743
67862,LH192,29/07/2019,3409-9280-0899,male,Christ,Sitwell,20/07/2019,Economy,C65,3094
85405,LH142,21/11/2019,1177-4174-3560,male,Marty,Convery,29/10/2019,Economy,B94,2071
72735,LH221,02/07/2020,1194-3435-7124,male,Clay,Fallen,02/04/2020,Economy,A78,576
66873,LH246,11/08/2019,6434-4504-4787,male,Izaak,Knapp,27/07/2019,Economy,E56,2590
66759,LH120,25/04/2020,2600-1015-5993,female,Petronilla,Thwaite,06/04/2020,Economy,G35,2322
76923,LH292,11/06/2020,6654-4555-2292,male,Giorgi,Biggs or rigg,02/06/2020,Economy,E8,3118
70936,LH291,24/08/2019,1414-4709-4596,female,Shel,Ammons,28/07/2019,Economy,A38,1856
89245,LH521,23/10/2019,4613-6121-7007,female,Devonne,Melly,29/07/2019,Economy,H87,565
68734,LH302,30/11/2019,5516-1855-1130,male,Lorrie,Billington,24/08/2019,Economy,B33,598
24687,LH385,10/01/2020,1605-3643-6240,male,Gifford,Wardup,20/11/2019,Economy,A98,925
89261,LH183,07/12/2019,9132-3955-2789,male,Fredrick,Hancock,15/10/2019,Economy,D85,875
34903,LH373,24/09/2019,6392-6541-0152,female,Judy,Pfalz,11/08/2019,Economy,F46,1110
56633,LH441,06/09/2019,2107-5864-9123,female,Roxine,Mcgee,04/09/2019,Economy,E89,3726
76299,LH579,16/12/2019,2160-9337-9779,female,Philomena,Moorhouse,23/10/2019,Economy,G86,850
74027,LH559,05/02/2020,4999-6644-8573,male,Andonis,Mcleod,12/11/2019,Economy,B6,611
28204,LH178,19/05/2020,7357-7424-2222,male,Sal,Wadland,22/02/2020,Economy,H46,575
13378,LH427,14/05/2020,2017-7760-6617,male,Devon,Ridgway,02/04/2020,Economy,H39,1233
27276,LH575,08/03/2020,1093-3492-7416,male,Javier,Mordy,24/12/2019,Economy,D52,575
19554,LH476,10/07/2020,8884-4159-4661,female,Estrellita,Macarthur,29/05/2020,Economy,A4,1227
101723,LH580,20/07/2019,1091-9440-3123,female,Aeriel,Rawlyns,07/07/2019,Economy,G65,2778
57087,LH590,25/04/2020,4027-6734-5890,female,Dorri,Teagarden,13/03/2020,Economy,C31,1168
99934,LH375,04/02/2020,9398-6559-3704,male,Valentine,Brace,23/01/2020,Economy,D7,2863
35085,LH425,15/04/2020,7672-3830-8234,female,Cindra,Castle,14/04/2020,Economy,C96,3872
40222,LH284,28/03/2020,2444-0735-8356,male,Emile,Blake,14/01/2020,Economy,E5,574
99781,LH195,25/04/2020,5659-4747-9350,male,Orazio,Lames,23/01/2020,Economy,D79,535
51715,LH272,12/05/2020,9802-5296-0280,male,Kostas,Macneil,09/02/2020,Economy,A61,529
32743,LH376,14/01/2020,7939-2454-9322,female,Constanta,Poultney,07/01/2020,Economy,D19,3244
71732,LH582,12/01/2020,2761-9057-3792,female,Violante,Beamish,09/10/2019,Economy,A89,525
68522,LH466,01/01/2020,3535-3198-3742,female,Wynnie,Garthwaite,21/11/2019,Economy,F67,1232
99201,LH317,20/03/2020,2474-7133-7178,male,Micheil,Rows,25/12/2019,Economy,F68,600
105240,LH395,05/08/2020,1753-4970-2799,female,Jude,Silver,21/05/2020,Economy,B62,575
53046,LH370,11/09/2019,3628-2521-6210,male,Lowell,Pilling nee taylor,17/07/2019,Economy,E85,826
90312,LH330,21/03/2020,1097-1937-9421,male,Fraser,Abson,16/03/2020,Economy,G40,3468
64987,LH214,01/02/2020,6810-0990-2718,male,Rickard,Matthewson,07/12/2019,Economy,D18,821
84602,LH185,24/07/2020,5031-9750-6227,female,Roxine,Randall,29/04/2020,Economy,F22,510
31748,LH215,19/10/2019,5088-8432-1165,male,Raphael,Hincks,12/08/2019,Economy,A35,697
56719,LH574,20/10/2019,4514-3433-7923,female,Tabbatha,Whetton,22/08/2019,Economy,C82,811
79926,LH468,20/02/2020,5223-6963-0567,female,Piper,Strachan,16/12/2019,Economy,B98,731
91471,LH278,25/03/2020,2512-6776-8530,female,Jerrine,Burgher,25/12/2019,Economy,G14,559
28390,LH272,26/04/2020,5432-0828-0529,female,Phillis,Ingold?,07/04/2020,Economy,E86,2320
107567,LH129,17/07/2019,6886-8849-2178,male,Pepito,Gale,15/07/2019,Economy,D86,3768
102659,LH136,02/12/2019,8720-1513-2867,female,Gabey,Hepburn,10/11/2019,Economy,A70,2147
96307,LH507,06/04/2020,3849-0949-9727,male,Kirby,Restall,11/01/2020,Economy,H50,549
70673,LH273,16/01/2020,1075-8670-8802,female,Salli,Inglis,03/12/2019,Economy,F53,1115
25157,LH155,21/09/2019,1782-1393-7887,male,Alexander,Coniers,14/09/2019,Economy,B60,3284
36040,LH217,11/04/2020,5887-2506-5017,female,Carry,Keeble,08/03/2020,Economy,F85,1487
105383,LH109,12/11/2019,3860-8013-5767,female,Mady,Greenbury,15/08/2019,Economy,H20,544
76634,LH281,12/11/2019,4425-8365-0809,male,Osborne,Cardno,12/10/2019,Economy,F82,1605
31276,LH150,28/01/2020,1041-2085-5177,male,Conway,Hickman,21/12/2019,Economy,B56,1376
104640,LH519,18/08/2020,6638-1133-0052,female,Inna,Mawley,13/05/2020,Economy,C8,580
44307,LH565,15/01/2020,7337-7795-1601,male,Gershon,Balfour,20/10/2019,Economy,E3,573
63271,LH474,14/06/2020,3961-1940-6735,male,Aram,Mace,05/04/2020,Economy,F80,686
14397,LH595,04/12/2019,7262-0651-5961,female,Vin,Elen,27/10/2019,Economy,E97,1272
60059,LH141,11/12/2019,5720-5628-3814,female,Courtenay,Weighell,15/09/2019,Economy,H97,583
12944,LH557,02/01/2020,2789-9996-3260,male,Trace,Ransay,19/10/2019,Economy,B62,640
96438,LH103,11/12/2019,5817-9979-0389,female,Hattie,Whitelaw,29/10/2019,Economy,F64,1167
56042,LH225,28/01/2020,4274-8494-8815,female,Jessica,Wigmore,25/01/2020,Economy,C11,3597
22413,LH117,05/12/2019,1257-6777-9094,male,Zary,Cockerall,10/10/2019,Economy,E19,798
30256,LH423,02/12/2019,1064-1916-3529,female,Jacki,Hepburn,04/11/2019,Economy,D20,1767
41260,LH522,22/02/2020,8341-8378-0631,male,Orrin,Davis?,11/12/2019,Economy,G59,615
80134,LH342,18/12/2019,1045-9608-6382,male,Neville,Bells,02/10/2019,Economy,B94,554
98446,LH524,30/03/2020,5706-8437-7266,male,Claire,Ramsay,22/01/2020,Economy,G57,699
56659,LH544,30/11/2019,2988-0326-7042,female,Fayth,Sweeting,21/10/2019,Economy,A31,1288
94355,LH560,07/07/2020,5467-3857-2403,male,Donald,Feiser,16/04/2020,Economy,C53,571
62925,LH560,04/05/2020,8392-6101-5830,male,Zebedee,Schofield,18/02/2020,Economy,F80,641
94829,LH198,24/05/2020,7337-8985-8904,female,Nelli,Rand,24/05/2020,Economy,D37,3969
74911,LH562,04/04/2020,3006-2358-4912,male,Sterling,Twydale,10/03/2020,Economy,A47,1976
109945,LH303,27/06/2020,8519-2789-6994,female,Suzann,Sadler,24/04/2020,Economy,F43,748
93269,LH494,25/09/2019,7049-0632-3574,male,Hayward,Langford,09/09/2019,Economy,D69,2525
84932,LH228,08/01/2020,4824-4843-1784,male,Dudley,Grech,01/12/2019,Economy,B54,1336
91705,LH404,08/01/2020,4937-7471-2645,male,Kristian,Udall,02/11/2019,Economy,B91,681
67635,LH400,27/05/2020,7990-0095-9692,male,Immanuel,Hollis,16/04/2020,Economy,A59,1214
107176,LH537,03/06/2020,5993-0485-1575,male,Martie,Dallimore,03/06/2020,Economy,A91,3941
46914,LH423,12/05/2020,5167-7329-0030,female,Cybelle,Hardie,09/03/2020,Economy,G84,744
76543,LH180,31/05/2020,1840-5491-5655,female,Torrie,Hardenbroeck,16/05/2020,Economy,B85,2667
59305,LH136,19/11/2019,5351-7355-8095,male,Flin,Baxter,09/10/2019,Economy,C84,1165
18762,LH594,20/10/2019,4354-7410-9483,female,Cammi,Huddleston,28/07/2019,Economy,D7,580
24189,LH279,11/01/2020,7397-4727-1674,male,Lucas,Hjellstrom,18/10/2019,Economy,D41,557
87183,LH173,15/06/2020,5559-7800-6382,female,Imogen,Uprichard,09/03/2020,Economy,F7,537
42493,LH388,14/02/2020,6929-1021-9255,female,Keelia,Yorke,05/12/2019,Economy,F66,648
21843,LH307,18/12/2019,3252-1429-3252,female,Dodie,Newbury,20/11/2019,Economy,B6,1805
42169,LH236,15/01/2020,3412-8265-2457,female,Barby,Scutts,21/11/2019,Economy,D47,834
43705,LH370,12/08/2020,1046-5109-9837,male,Maurits,Rohrbach,16/05/2020,Economy,A24,572
39920,LH485,13/06/2020,6708-9439-8746,male,Judd,Dickey,03/06/2020,Economy,E37,2988
103719,LH547,09/03/2020,4664-4764-8685,male,Enrique,Van buskirk,06/01/2020,Economy,D28,721
21460,LH237,10/11/2019,1009-2753-3914,male,Worthy,Fairgree,14/08/2019,Economy,G26,541
94868,LH279,27/09/2019,9113-7952-8948,female,Cristabel,Householder,15/08/2019,Economy,E91,1127
69471,LH233,24/08/2020,3759-1997-5624,female,Corinna,Kedslie,22/05/2020,Economy,D23,534
78060,LH291,29/10/2019,8006-4097-8328,male,Tarrance,Batchelor,19/08/2019,Economy,E80,663
80072,LH137,23/01/2020,5443-8517-1924,male,Uli,Leitch,20/11/2019,Economy,F69,704
80833,LH171,25/11/2019,4892-8372-5043,female,Sasha,Musson,04/11/2019,Economy,G10,2197
36156,LH462,04/03/2020,1262-9124-6101,female,Wilona,Peard,06/01/2020,Economy,E63,818
106865,LH556,20/11/2019,5284-2937-8422,male,Stanislaw,Holdroyd,15/10/2019,Economy,C74,1357
55652,LH115,09/04/2020,8173-1650-9086,male,Geo,Newenham,24/03/2020,Economy,B49,2537
